-- UWELL CRM Data Import Script
-- Run this in Supabase SQL Editor
-- Using admin user ID: e9599b0f-16ce-4f66-b496-617e6863ecec

-- ===== Products =====
INSERT INTO public.products (id, name, sku, category, unit_price, created_at, updated_at) VALUES ('p-001', 'UWELL G4 PRO', 'UW-G4PRO', 'Device', 80, '2026-03-25T05:31:12.401Z', '2026-03-25T05:31:12.401Z') ON CONFLICT (sku) DO NOTHING;
INSERT INTO public.products (id, name, sku, category, unit_price, created_at, updated_at) VALUES ('p-002', 'UWELL G4 PRO COCO', 'UW-G4PRO-COCO', 'Device', 80, '2026-03-25T05:31:12.401Z', '2026-03-25T05:31:12.401Z') ON CONFLICT (sku) DO NOTHING;
INSERT INTO public.products (id, name, sku, category, unit_price, created_at, updated_at) VALUES ('p-003', 'UWELL G4', 'UW-G4', 'Device', 65, '2026-03-25T05:31:12.401Z', '2026-03-25T05:31:12.401Z') ON CONFLICT (sku) DO NOTHING;
INSERT INTO public.products (id, name, sku, category, unit_price, created_at, updated_at) VALUES ('p-004', 'UWELL G5', 'UW-G5', 'Device', 120, '2026-03-25T05:31:12.401Z', '2026-03-25T05:31:12.401Z') ON CONFLICT (sku) DO NOTHING;
INSERT INTO public.products (id, name, sku, category, unit_price, created_at, updated_at) VALUES ('p-005', 'UWELL KOKO', 'UW-KOKO', 'Device', 50, '2026-03-25T05:31:12.401Z', '2026-03-25T05:31:12.401Z') ON CONFLICT (sku) DO NOTHING;
INSERT INTO public.products (id, name, sku, category, unit_price, created_at, updated_at) VALUES ('p-006', 'UWELL Pod (G4)', 'UW-POD-G4', 'Pod', 15, '2026-03-25T05:31:12.401Z', '2026-03-25T05:31:12.401Z') ON CONFLICT (sku) DO NOTHING;
INSERT INTO public.products (id, name, sku, category, unit_price, created_at, updated_at) VALUES ('p-007', 'UWELL Pod (G5)', 'UW-POD-G5', 'Pod', 18, '2026-03-25T05:31:12.401Z', '2026-03-25T05:31:12.401Z') ON CONFLICT (sku) DO NOTHING;
INSERT INTO public.products (id, name, sku, category, unit_price, created_at, updated_at) VALUES ('p-008', 'UWELL Pod (KOKO)', 'UW-POD-KOKO', 'Pod', 12, '2026-03-25T05:31:12.401Z', '2026-03-25T05:31:12.401Z') ON CONFLICT (sku) DO NOTHING;

-- ===== Materials =====
INSERT INTO public.materials (id, name, sku, category, unit, unit_cost, image_url, created_at, updated_at) VALUES ('m-001', 'UWELL Door Panel', 'MT-DOOR-PANEL', 'Display', 'pcs', 5, '', '2026-03-25T05:31:12.402Z', '2026-03-25T05:31:12.402Z') ON CONFLICT (sku) DO NOTHING;
INSERT INTO public.materials (id, name, sku, category, unit, unit_cost, image_url, created_at, updated_at) VALUES ('m-002', 'UWELL Sticker', 'MT-STICKER', 'Promotional', 'pcs', 0.5, '', '2026-03-25T05:31:12.402Z', '2026-03-25T05:31:12.402Z') ON CONFLICT (sku) DO NOTHING;
INSERT INTO public.materials (id, name, sku, category, unit, unit_cost, image_url, created_at, updated_at) VALUES ('m-003', 'UWELL Lightbox', 'MT-LIGHTBOX', 'Display', 'pcs', 50, '', '2026-03-25T05:31:12.402Z', '2026-03-25T05:31:12.402Z') ON CONFLICT (sku) DO NOTHING;
INSERT INTO public.materials (id, name, sku, category, unit, unit_cost, image_url, created_at, updated_at) VALUES ('m-004', 'UWELL Acrylic Stand', 'MT-ACRYLIC-STAND', 'Display', 'pcs', 30, '', '2026-03-25T05:31:12.402Z', '2026-03-25T05:31:12.402Z') ON CONFLICT (sku) DO NOTHING;
INSERT INTO public.materials (id, name, sku, category, unit, unit_cost, image_url, created_at, updated_at) VALUES ('m-005', 'UWELL Poster A2', 'MT-POSTER-A2', 'Promotional', 'pcs', 2, '', '2026-03-25T05:31:12.402Z', '2026-03-25T05:31:12.402Z') ON CONFLICT (sku) DO NOTHING;
INSERT INTO public.materials (id, name, sku, category, unit, unit_cost, image_url, created_at, updated_at) VALUES ('m-006', 'UWELL Product Catalog', 'MT-CATALOG', 'Promotional', 'pcs', 1.5, '', '2026-03-25T05:31:12.402Z', '2026-03-25T05:31:12.402Z') ON CONFLICT (sku) DO NOTHING;
INSERT INTO public.materials (id, name, sku, category, unit, unit_cost, image_url, created_at, updated_at) VALUES ('m-007', 'UWELL Staff Vest', 'MT-VEST', 'Uniform', 'pcs', 25, '', '2026-03-25T05:31:12.402Z', '2026-03-25T05:31:12.402Z') ON CONFLICT (sku) DO NOTHING;
INSERT INTO public.materials (id, name, sku, category, unit, unit_cost, image_url, created_at, updated_at) VALUES ('m-008', 'UWELL Sample Pod', 'MT-SAMPLE-POD', 'Sample', 'pcs', 3, '', '2026-03-25T05:31:12.402Z', '2026-03-25T05:31:12.402Z') ON CONFLICT (sku) DO NOTHING;

-- ===== Material Stocks =====
INSERT INTO public.material_stocks (id, material_id, warehouse, qty, safety_stock) VALUES ('ms-001', 'm-001', 'Default', 350, 100) ON CONFLICT (material_id, warehouse) DO UPDATE SET qty = EXCLUDED.qty, safety_stock = EXCLUDED.safety_stock;
INSERT INTO public.material_stocks (id, material_id, warehouse, qty, safety_stock) VALUES ('ms-002', 'm-002', 'Default', 1200, 500) ON CONFLICT (material_id, warehouse) DO UPDATE SET qty = EXCLUDED.qty, safety_stock = EXCLUDED.safety_stock;
INSERT INTO public.material_stocks (id, material_id, warehouse, qty, safety_stock) VALUES ('ms-003', 'm-003', 'Default', 12, 20) ON CONFLICT (material_id, warehouse) DO UPDATE SET qty = EXCLUDED.qty, safety_stock = EXCLUDED.safety_stock;
INSERT INTO public.material_stocks (id, material_id, warehouse, qty, safety_stock) VALUES ('ms-004', 'm-004', 'Default', 25, 15) ON CONFLICT (material_id, warehouse) DO UPDATE SET qty = EXCLUDED.qty, safety_stock = EXCLUDED.safety_stock;
INSERT INTO public.material_stocks (id, material_id, warehouse, qty, safety_stock) VALUES ('ms-005', 'm-005', 'Default', 800, 200) ON CONFLICT (material_id, warehouse) DO UPDATE SET qty = EXCLUDED.qty, safety_stock = EXCLUDED.safety_stock;
INSERT INTO public.material_stocks (id, material_id, warehouse, qty, safety_stock) VALUES ('ms-006', 'm-006', 'Default', 8, 50) ON CONFLICT (material_id, warehouse) DO UPDATE SET qty = EXCLUDED.qty, safety_stock = EXCLUDED.safety_stock;
INSERT INTO public.material_stocks (id, material_id, warehouse, qty, safety_stock) VALUES ('ms-007', 'm-007', 'Default', 45, 30) ON CONFLICT (material_id, warehouse) DO UPDATE SET qty = EXCLUDED.qty, safety_stock = EXCLUDED.safety_stock;
INSERT INTO public.material_stocks (id, material_id, warehouse, qty, safety_stock) VALUES ('ms-008', 'm-008', 'Default', 300, 100) ON CONFLICT (material_id, warehouse) DO UPDATE SET qty = EXCLUDED.qty, safety_stock = EXCLUDED.safety_stock;

-- ===== Stores (80) =====
INSERT INTO public.stores (id, name, address, lat, lng, level, chain_name, chain_id, chain_store_count, contact, phone, created_by, created_at, updated_at) VALUES ('s-real-001', 'rabie alkayf lilshiyshat walmueasal', 'https://maps.app.goo.gl/CAjbgREW4dTdtpbm9?g_st=ic', 0, 0, 'B', 'UWELL Store', NULL, 2, '', '504875886', 'e9599b0f-16ce-4f66-b496-617e6863ecec', '2026-03-25T05:31:12.401Z', '2026-06-22T05:31:12.401Z') ON CONFLICT (id) DO NOTHING;
INSERT INTO public.stores (id, name, address, lat, lng, level, chain_name, chain_id, chain_store_count, contact, phone, created_by, created_at, updated_at) VALUES ('s-real-002', 'muteat lilshiyshat waleasalat', 'https://maps.app.goo.gl/KgKdp1dGqiKcbefk9?g_st=ic', 0, 0, 'C', 'UWELL Store', NULL, 1, '', '598589221', 'e9599b0f-16ce-4f66-b496-617e6863ecec', '2026-03-25T05:31:12.401Z', '2026-06-22T05:31:12.401Z') ON CONFLICT (id) DO NOTHING;
INSERT INTO public.stores (id, name, address, lat, lng, level, chain_name, chain_id, chain_store_count, contact, phone, created_by, created_at, updated_at) VALUES ('s-real-003', 'mizaj almashhur lilshiysh walmueasalat', 'https://maps.app.goo.gl/KgKdp1dGqiKcbefk9?g_st=ic', 0, 0, 'B', 'UWELL Store', NULL, 4, '', '575122442', 'e9599b0f-16ce-4f66-b496-617e6863ecec', '2026-03-25T05:31:12.401Z', '2026-06-22T05:31:12.401Z') ON CONFLICT (id) DO NOTHING;
INSERT INTO public.stores (id, name, address, lat, lng, level, chain_name, chain_id, chain_store_count, contact, phone, created_by, created_at, updated_at) VALUES ('s-real-004', 'atayb almizaj', 'https://maps.app.goo.gl/oZhHiCUHdPsaj23TA?g_st=ic', 0, 0, 'B', 'UWELL Store', NULL, 4, '', '534174221', 'e9599b0f-16ce-4f66-b496-617e6863ecec', '2026-03-25T05:31:12.401Z', '2026-06-22T05:31:12.401Z') ON CONFLICT (id) DO NOTHING;
INSERT INTO public.stores (id, name, address, lat, lng, level, chain_name, chain_id, chain_store_count, contact, phone, created_by, created_at, updated_at) VALUES ('s-real-005', 'rihlat zaman lilshiysh walmueasalat', 'https://maps.app.goo.gl/4eftR9RjeGG419VKA?g_st=ic', 0, 0, 'C', 'UWELL Store', NULL, 2, '', '550957743', 'e9599b0f-16ce-4f66-b496-617e6863ecec', '2026-03-25T05:31:12.401Z', '2026-06-22T05:31:12.401Z') ON CONFLICT (id) DO NOTHING;
INSERT INTO public.stores (id, name, address, lat, lng, level, chain_name, chain_id, chain_store_count, contact, phone, created_by, created_at, updated_at) VALUES ('s-real-006', 'alruwqan aleali lilshiysh walmueasalat', 'https://maps.app.goo.gl/dRWhYEcQXdrEFkdH7?g_st=ic', 0, 0, 'B', 'UWELL Store', NULL, 1, '', '576259390', 'e9599b0f-16ce-4f66-b496-617e6863ecec', '2026-03-25T05:31:12.401Z', '2026-06-22T05:31:12.401Z') ON CONFLICT (id) DO NOTHING;
INSERT INTO public.stores (id, name, address, lat, lng, level, chain_name, chain_id, chain_store_count, contact, phone, created_by, created_at, updated_at) VALUES ('s-real-007', 'Amwaj Oasis for shisha', 'https://maps.app.goo.gl/c1rW6b5GyQN1Zisu5?g_st=ic', 0, 0, 'B', 'UWELL Store', NULL, 2, '', '558667142', 'e9599b0f-16ce-4f66-b496-617e6863ecec', '2026-03-25T05:31:12.401Z', '2026-06-22T05:31:12.401Z') ON CONFLICT (id) DO NOTHING;
INSERT INTO public.stores (id, name, address, lat, lng, level, chain_name, chain_id, chain_store_count, contact, phone, created_by, created_at, updated_at) VALUES ('s-real-008', 'Asl Al Tabkhir Company for Shisha and Molasses', 'https://maps.app.goo.gl/hEftKyex8hiq4p988?g_st=ic', 0, 0, 'B', 'UWELL Store', NULL, 3, '', '501218512', 'e9599b0f-16ce-4f66-b496-617e6863ecec', '2026-03-25T05:31:12.401Z', '2026-06-22T05:31:12.401Z') ON CONFLICT (id) DO NOTHING;
INSERT INTO public.stores (id, name, address, lat, lng, level, chain_name, chain_id, chain_store_count, contact, phone, created_by, created_at, updated_at) VALUES ('s-real-009', 'musaasat hiwar alkayf', 'https://maps.app.goo.gl/4ubpceFs9Tc7WpNx7?g_st=ic', 0, 0, 'C', 'UWELL Store', NULL, 6, '', '552052662', 'e9599b0f-16ce-4f66-b496-617e6863ecec', '2026-03-25T05:31:12.401Z', '2026-06-22T05:31:12.401Z') ON CONFLICT (id) DO NOTHING;
INSERT INTO public.stores (id, name, address, lat, lng, level, chain_name, chain_id, chain_store_count, contact, phone, created_by, created_at, updated_at) VALUES ('s-real-010', 'muasasat ''aemidat alnakhil lilshiyshat waldibs', 'https://maps.app.goo.gl/rbukQcqYmXpoLs9E6?g_st=ic', 0, 0, 'B', 'UWELL Store', NULL, 1, '', '553521136', 'e9599b0f-16ce-4f66-b496-617e6863ecec', '2026-03-25T05:31:12.401Z', '2026-06-22T05:31:12.401Z') ON CONFLICT (id) DO NOTHING;
INSERT INTO public.stores (id, name, address, lat, lng, level, chain_name, chain_id, chain_store_count, contact, phone, created_by, created_at, updated_at) VALUES ('s-real-011', 'eamduh alnakhlah lilshiyshat walmueasalat', 'https://maps.app.goo.gl/ENT5HZTqEdgxNwyF9?g_st=ic', 0, 0, 'B', 'UWELL Store', NULL, 2, '', '500298408', 'e9599b0f-16ce-4f66-b496-617e6863ecec', '2026-03-25T05:31:12.401Z', '2026-06-22T05:31:12.401Z') ON CONFLICT (id) DO NOTHING;
INSERT INTO public.stores (id, name, address, lat, lng, level, chain_name, chain_id, chain_store_count, contact, phone, created_by, created_at, updated_at) VALUES ('s-real-012', 'bayt almueasal fare aleazizia', 'https://maps.app.goo.gl/FHn43d3paKvsZupr6?g_st=ic', 0, 0, 'A', 'UWELL Store', NULL, 12, '', '569864771', 'e9599b0f-16ce-4f66-b496-617e6863ecec', '2026-03-25T05:31:12.401Z', '2026-06-22T05:31:12.401Z') ON CONFLICT (id) DO NOTHING;
INSERT INTO public.stores (id, name, address, lat, lng, level, chain_name, chain_id, chain_store_count, contact, phone, created_by, created_at, updated_at) VALUES ('s-real-013', 'abraj alkhalij aldhahabia', 'https://maps.app.goo.gl/rc7FBBd8nkGJ4xts6?g_st=ic', 0, 0, 'A', 'UWELL Store', NULL, 1, '', '599406520', 'e9599b0f-16ce-4f66-b496-617e6863ecec', '2026-03-25T05:31:12.401Z', '2026-06-22T05:31:12.401Z') ON CONFLICT (id) DO NOTHING;
INSERT INTO public.stores (id, name, address, lat, lng, level, chain_name, chain_id, chain_store_count, contact, phone, created_by, created_at, updated_at) VALUES ('s-real-014', 'eunwan almizaj lilshiysh walmueasalat', 'https://maps.app.goo.gl/nMV3UVJp4XMTs8LN7?g_st=ic', 0, 0, 'A', 'UWELL Store', NULL, 11, '', '510909145', 'e9599b0f-16ce-4f66-b496-617e6863ecec', '2026-03-25T05:31:12.401Z', '2026-06-22T05:31:12.401Z') ON CONFLICT (id) DO NOTHING;
INSERT INTO public.stores (id, name, address, lat, lng, level, chain_name, chain_id, chain_store_count, contact, phone, created_by, created_at, updated_at) VALUES ('s-real-015', 'muasisuh milha'' alshamri lilshiysh w almueasalat', 'https://maps.app.goo.gl/wytqyY4613hN7s2GA?g_st=ic', 0, 0, 'C', 'UWELL Store', NULL, 2, '', '534350514', 'e9599b0f-16ce-4f66-b496-617e6863ecec', '2026-03-25T05:31:12.401Z', '2026-06-22T05:31:12.401Z') ON CONFLICT (id) DO NOTHING;
INSERT INTO public.stores (id, name, address, lat, lng, level, chain_name, chain_id, chain_store_count, contact, phone, created_by, created_at, updated_at) VALUES ('s-real-016', 'mueasalat ''ajwa'' almizaj', 'https://maps.app.goo.gl/EhCLLHcHb8DkDUN97?g_st=ic', 0, 0, 'B', 'UWELL Store', NULL, 3, '', '502747027', 'e9599b0f-16ce-4f66-b496-617e6863ecec', '2026-03-25T05:31:12.401Z', '2026-06-22T05:31:12.401Z') ON CONFLICT (id) DO NOTHING;
INSERT INTO public.stores (id, name, address, lat, lng, level, chain_name, chain_id, chain_store_count, contact, phone, created_by, created_at, updated_at) VALUES ('s-real-017', 'lawazim aljawi lishish w almueasalat', 'https://maps.app.goo.gl/ieKqwCFh3wmAn74W7?g_st=ic', 0, 0, 'C', 'UWELL Store', NULL, 5, '', '572114738', 'e9599b0f-16ce-4f66-b496-617e6863ecec', '2026-03-25T05:31:12.401Z', '2026-06-22T05:31:12.401Z') ON CONFLICT (id) DO NOTHING;
INSERT INTO public.stores (id, name, address, lat, lng, level, chain_name, chain_id, chain_store_count, contact, phone, created_by, created_at, updated_at) VALUES ('s-real-018', 'mueasalat kayf aldiywani', 'https://maps.app.goo.gl/CcN8pAn47Lda3rQ88?g_st=ic', 0, 0, 'C', 'UWELL Store', NULL, 1, '', '544306770', 'e9599b0f-16ce-4f66-b496-617e6863ecec', '2026-03-25T05:31:12.401Z', '2026-06-22T05:31:12.401Z') ON CONFLICT (id) DO NOTHING;
INSERT INTO public.stores (id, name, address, lat, lng, level, chain_name, chain_id, chain_store_count, contact, phone, created_by, created_at, updated_at) VALUES ('s-real-019', 'mizaj altuwt lilshiysh walmueasalat Vip', 'https://maps.app.goo.gl/eDkVf5cVa7M2Tsmr6?g_st=ic', 0, 0, 'C', 'UWELL Store', NULL, 1, '', '575091200', 'e9599b0f-16ce-4f66-b496-617e6863ecec', '2026-03-25T05:31:12.401Z', '2026-06-22T05:31:12.401Z') ON CONFLICT (id) DO NOTHING;
INSERT INTO public.stores (id, name, address, lat, lng, level, chain_name, chain_id, chain_store_count, contact, phone, created_by, created_at, updated_at) VALUES ('s-real-020', 'sharakuh alrimal alfakhiruh altijarih lishish walmueasalat', 'https://maps.app.goo.gl/dbdiR46LxgS23ANV8?g_st=ic', 0, 0, 'B', 'UWELL Store', NULL, 3, '', '511462979', 'e9599b0f-16ce-4f66-b496-617e6863ecec', '2026-03-25T05:31:12.401Z', '2026-06-22T05:31:12.401Z') ON CONFLICT (id) DO NOTHING;
INSERT INTO public.stores (id, name, address, lat, lng, level, chain_name, chain_id, chain_store_count, contact, phone, created_by, created_at, updated_at) VALUES ('s-real-021', 'mizaj almasa'' fare aleazizih', 'https://maps.app.goo.gl/dwgs6yXvEgTJxiDs9?g_st=ic', 0, 0, 'C', 'UWELL Store', NULL, 1, '', '566742820', 'e9599b0f-16ce-4f66-b496-617e6863ecec', '2026-03-25T05:31:12.401Z', '2026-06-22T05:31:12.401Z') ON CONFLICT (id) DO NOTHING;
INSERT INTO public.stores (id, name, address, lat, lng, level, chain_name, chain_id, chain_store_count, contact, phone, created_by, created_at, updated_at) VALUES ('s-real-022', 'mueasalat ''adwa'' layalina', 'https://maps.app.goo.gl/CVwzRUMZXQrkGDrm8?g_st=ic', 0, 0, 'B', 'UWELL Store', NULL, 3, '', '508467658', 'e9599b0f-16ce-4f66-b496-617e6863ecec', '2026-03-25T05:31:12.401Z', '2026-06-22T05:31:12.401Z') ON CONFLICT (id) DO NOTHING;
INSERT INTO public.stores (id, name, address, lat, lng, level, chain_name, chain_id, chain_store_count, contact, phone, created_by, created_at, updated_at) VALUES ('s-real-023', 'jawiyun lilmueasalat', 'https://maps.app.goo.gl/cCfaqEEXwuw48ReM8?g_st=ic', 0, 0, 'C', 'UWELL Store', NULL, 2, '', '568624101', 'e9599b0f-16ce-4f66-b496-617e6863ecec', '2026-03-25T05:31:12.401Z', '2026-06-22T05:31:12.401Z') ON CONFLICT (id) DO NOTHING;
INSERT INTO public.stores (id, name, address, lat, lng, level, chain_name, chain_id, chain_store_count, contact, phone, created_by, created_at, updated_at) VALUES ('s-real-024', 'eunwan altabkhir lilshiysh walmueasalat aleazizia', 'https://maps.app.goo.gl/L9EriEwVX3Fj7ZeK8?g_st=ic', 0, 0, 'B', 'UWELL Store', NULL, 2, '', '509042457', 'e9599b0f-16ce-4f66-b496-617e6863ecec', '2026-03-25T05:31:12.401Z', '2026-06-22T05:31:12.401Z') ON CONFLICT (id) DO NOTHING;
INSERT INTO public.stores (id, name, address, lat, lng, level, chain_name, chain_id, chain_store_count, contact, phone, created_by, created_at, updated_at) VALUES ('s-real-025', 'Mood house', 'https://maps.app.goo.gl/bLsUzuKSqtfrtytV8?g_st=ic', 0, 0, 'B', 'UWELL Store', NULL, 2, '', '553123556', 'e9599b0f-16ce-4f66-b496-617e6863ecec', '2026-03-25T05:31:12.401Z', '2026-06-22T05:31:12.401Z') ON CONFLICT (id) DO NOTHING;
INSERT INTO public.stores (id, name, address, lat, lng, level, chain_name, chain_id, chain_store_count, contact, phone, created_by, created_at, updated_at) VALUES ('s-real-026', 'mueasal fakhr almizaj lilshiysh walmueasalat raqm 2', 'https://maps.app.goo.gl/a2Rsd3wN4STcquw9A?g_st=ic', 0, 0, 'B', 'UWELL Store', NULL, 3, '', '510841182', 'e9599b0f-16ce-4f66-b496-617e6863ecec', '2026-03-25T05:31:12.401Z', '2026-06-22T05:31:12.401Z') ON CONFLICT (id) DO NOTHING;
INSERT INTO public.stores (id, name, address, lat, lng, level, chain_name, chain_id, chain_store_count, contact, phone, created_by, created_at, updated_at) VALUES ('s-real-027', 'mizaj eali lilshiysh walmueasalat', 'https://maps.app.goo.gl/U54YoURstoCJtwsWA?g_st=ic', 0, 0, 'B', 'UWELL Store', NULL, 4, '', '511241404', 'e9599b0f-16ce-4f66-b496-617e6863ecec', '2026-03-25T05:31:12.401Z', '2026-06-22T05:31:12.401Z') ON CONFLICT (id) DO NOTHING;
INSERT INTO public.stores (id, name, address, lat, lng, level, chain_name, chain_id, chain_store_count, contact, phone, created_by, created_at, updated_at) VALUES ('s-real-028', 'mueasalat washish amwaj almuthanaa', 'https://maps.app.goo.gl/QAidFNENtYZfiV8w9?g_st=ic', 0, 0, 'C', 'UWELL Store', NULL, 1, '', '555036949', 'e9599b0f-16ce-4f66-b496-617e6863ecec', '2026-03-25T05:31:12.401Z', '2026-06-22T05:31:12.401Z') ON CONFLICT (id) DO NOTHING;
INSERT INTO public.stores (id, name, address, lat, lng, level, chain_name, chain_id, chain_store_count, contact, phone, created_by, created_at, updated_at) VALUES ('s-real-029', 'shish wamueasalat basti sumuk', 'https://maps.app.goo.gl/wtcerTnQCcyCfRWo9?g_st=ic', 0, 0, 'B', 'UWELL Store', NULL, 2, '', '533896474', 'e9599b0f-16ce-4f66-b496-617e6863ecec', '2026-03-25T05:31:12.401Z', '2026-06-22T05:31:12.401Z') ON CONFLICT (id) DO NOTHING;
INSERT INTO public.stores (id, name, address, lat, lng, level, chain_name, chain_id, chain_store_count, contact, phone, created_by, created_at, updated_at) VALUES ('s-real-030', 'mizaj almashhur lilshiysh walmueasalat', 'https://maps.app.goo.gl/DyPtfG3oUo99SabU8?g_st=ic', 0, 0, 'B', 'UWELL Store', NULL, 1, '', '598589921', 'e9599b0f-16ce-4f66-b496-617e6863ecec', '2026-03-25T05:31:12.401Z', '2026-06-22T05:31:12.401Z') ON CONFLICT (id) DO NOTHING;
INSERT INTO public.stores (id, name, address, lat, lng, level, chain_name, chain_id, chain_store_count, contact, phone, created_by, created_at, updated_at) VALUES ('s-real-031', 'shish wamueasalat jamrat layali', 'https://maps.app.goo.gl/a6RuqeGwybaXGG7s6?g_st=ic', 0, 0, 'C', 'UWELL Store', NULL, 1, '', '556338583', 'e9599b0f-16ce-4f66-b496-617e6863ecec', '2026-03-25T05:31:12.401Z', '2026-06-22T05:31:12.401Z') ON CONFLICT (id) DO NOTHING;
INSERT INTO public.stores (id, name, address, lat, lng, level, chain_name, chain_id, chain_store_count, contact, phone, created_by, created_at, updated_at) VALUES ('s-real-032', 'Just Smoke Vape and Shisha', 'https://maps.app.goo.gl/LqQhFyzyiRkhX5reA?g_st=ic', 0, 0, 'A', 'UWELL Store', NULL, 8, '', '536997022', 'e9599b0f-16ce-4f66-b496-617e6863ecec', '2026-03-25T05:31:12.401Z', '2026-06-22T05:31:12.401Z') ON CONFLICT (id) DO NOTHING;
INSERT INTO public.stores (id, name, address, lat, lng, level, chain_name, chain_id, chain_store_count, contact, phone, created_by, created_at, updated_at) VALUES ('s-real-033', 'masa'' alfakhir lilshiysh walmueasalat', 'https://maps.app.goo.gl/WMZQm9Nomvi39Mv7A?g_st=ic', 0, 0, 'B', 'UWELL Store', NULL, 5, '', '558199796', 'e9599b0f-16ce-4f66-b496-617e6863ecec', '2026-03-25T05:31:12.401Z', '2026-06-22T05:31:12.401Z') ON CONFLICT (id) DO NOTHING;
INSERT INTO public.stores (id, name, address, lat, lng, level, chain_name, chain_id, chain_store_count, contact, phone, created_by, created_at, updated_at) VALUES ('s-real-034', 'mahala shishih wa mueasalat khalatat alkhalikh jayid', 'https://maps.app.goo.gl/YtFYzChHVnwuPnFx7?g_st=ic', 0, 0, 'C', 'UWELL Store', NULL, 1, '', '564349262', 'e9599b0f-16ce-4f66-b496-617e6863ecec', '2026-03-25T05:31:12.401Z', '2026-06-22T05:31:12.401Z') ON CONFLICT (id) DO NOTHING;
INSERT INTO public.stores (id, name, address, lat, lng, level, chain_name, chain_id, chain_store_count, contact, phone, created_by, created_at, updated_at) VALUES ('s-real-035', 'Shish Ma''asalat Fata Najd 4', 'https://maps.app.goo.gl/6K8PQ14KvaZbNjyv8?g_st=ic', 0, 0, 'A', 'UWELL Store', NULL, 6, '', '531526657', 'e9599b0f-16ce-4f66-b496-617e6863ecec', '2026-03-25T05:31:12.401Z', '2026-06-22T05:31:12.401Z') ON CONFLICT (id) DO NOTHING;
INSERT INTO public.stores (id, name, address, lat, lng, level, chain_name, chain_id, chain_store_count, contact, phone, created_by, created_at, updated_at) VALUES ('s-real-036', 'shish mueasal lilshiysh almulaz husam', 'https://maps.app.goo.gl/9NVeL2gHYWxEWtbv7?g_st=ic', 0, 0, 'A', 'UWELL Store', NULL, 6, '', '502002854', 'e9599b0f-16ce-4f66-b496-617e6863ecec', '2026-03-25T05:31:12.401Z', '2026-06-22T05:31:12.401Z') ON CONFLICT (id) DO NOTHING;
INSERT INTO public.stores (id, name, address, lat, lng, level, chain_name, chain_id, chain_store_count, contact, phone, created_by, created_at, updated_at) VALUES ('s-real-037', 'shish mueasalat sahbat khayal', 'https://maps.app.goo.gl/931pxG7J92b7LrYo6?g_st=ic', 0, 0, 'C', 'UWELL Store', NULL, 2, '', '530670536', 'e9599b0f-16ce-4f66-b496-617e6863ecec', '2026-03-25T05:31:12.401Z', '2026-06-22T05:31:12.401Z') ON CONFLICT (id) DO NOTHING;
INSERT INTO public.stores (id, name, address, lat, lng, level, chain_name, chain_id, chain_store_count, contact, phone, created_by, created_at, updated_at) VALUES ('s-real-038', 'shish mueasalat albahrini2', 'https://maps.app.goo.gl/1rmJ8VQUeFmdaA9Z9?g_st=ic', 0, 0, 'B', 'UWELL Store', NULL, 2, '', '545739814', 'e9599b0f-16ce-4f66-b496-617e6863ecec', '2026-03-25T05:31:12.401Z', '2026-06-22T05:31:12.401Z') ON CONFLICT (id) DO NOTHING;
INSERT INTO public.stores (id, name, address, lat, lng, level, chain_name, chain_id, chain_store_count, contact, phone, created_by, created_at, updated_at) VALUES ('s-real-039', 'Al-kaif al-fakhir', 'https://maps.app.goo.gl/kd7cK1AKV2CWRmQ37?g_st=aw', 0, 0, 'A', 'UWELL Store', NULL, 1, '', '559956069', 'e9599b0f-16ce-4f66-b496-617e6863ecec', '2026-03-25T05:31:12.401Z', '2026-06-22T05:31:12.401Z') ON CONFLICT (id) DO NOTHING;
INSERT INTO public.stores (id, name, address, lat, lng, level, chain_name, chain_id, chain_store_count, contact, phone, created_by, created_at, updated_at) VALUES ('s-real-040', 'Nasmat al-masa lish-sheesh', 'https://maps.app.goo.gl/Ebr2gPt1d2Y7Ymzh6?g_st=ipc', 0, 0, 'B', 'UWELL Store', NULL, 3, '', '540475655', 'e9599b0f-16ce-4f66-b496-617e6863ecec', '2026-03-25T05:31:12.401Z', '2026-06-22T05:31:12.401Z') ON CONFLICT (id) DO NOTHING;
INSERT INTO public.stores (id, name, address, lat, lng, level, chain_name, chain_id, chain_store_count, contact, phone, created_by, created_at, updated_at) VALUES ('s-real-041', 'Mazaj Al-Naseem for Hookah', '', 0, 0, 'B', 'UWELL Store', NULL, 1, '', '538524039', 'e9599b0f-16ce-4f66-b496-617e6863ecec', '2026-03-25T05:31:12.401Z', '2026-06-22T05:31:12.401Z') ON CONFLICT (id) DO NOTHING;
INSERT INTO public.stores (id, name, address, lat, lng, level, chain_name, chain_id, chain_store_count, contact, phone, created_by, created_at, updated_at) VALUES ('s-real-042', 'Bayt al-moasal', 'https://maps.app.goo.gl/LPXTvU4zTgXBX119A?g_st=aw', 0, 0, '', 'UWELL Store', NULL, 7, '', '548104829', 'e9599b0f-16ce-4f66-b496-617e6863ecec', '2026-03-25T05:31:12.401Z', '2026-06-22T05:31:12.401Z') ON CONFLICT (id) DO NOTHING;
INSERT INTO public.stores (id, name, address, lat, lng, level, chain_name, chain_id, chain_store_count, contact, phone, created_by, created_at, updated_at) VALUES ('s-real-043', 'Nahkat al-tamayoz lil-moasalat', 'https://maps.app.goo.gl/iNjkd4WuFYczZ7qV9?g_st=aw', 0, 0, '', 'UWELL Store', NULL, 3, '', '558943081', 'e9599b0f-16ce-4f66-b496-617e6863ecec', '2026-03-25T05:31:12.401Z', '2026-06-22T05:31:12.401Z') ON CONFLICT (id) DO NOTHING;
INSERT INTO public.stores (id, name, address, lat, lng, level, chain_name, chain_id, chain_store_count, contact, phone, created_by, created_at, updated_at) VALUES ('s-real-044', 'Atheer al-kaif lil-moasalat', 'https://maps.app.goo.gl/MDtxdEd6rYQSTyuz6?g_st=ic', 0, 0, '', 'UWELL Store', NULL, 2, '', '505046909', 'e9599b0f-16ce-4f66-b496-617e6863ecec', '2026-03-25T05:31:12.401Z', '2026-06-22T05:31:12.401Z') ON CONFLICT (id) DO NOTHING;
INSERT INTO public.stores (id, name, address, lat, lng, level, chain_name, chain_id, chain_store_count, contact, phone, created_by, created_at, updated_at) VALUES ('s-real-045', 'Mazaj al-sa''adah lish-sheesh wal-moasalat', 'https://maps.app.goo.gl/51iDxpG1PcC7Sd5P8?g_st=ic', 0, 0, '', 'UWELL Store', NULL, 1, '', '555354621', 'e9599b0f-16ce-4f66-b496-617e6863ecec', '2026-03-25T05:31:12.401Z', '2026-06-22T05:31:12.401Z') ON CONFLICT (id) DO NOTHING;
INSERT INTO public.stores (id, name, address, lat, lng, level, chain_name, chain_id, chain_store_count, contact, phone, created_by, created_at, updated_at) VALUES ('s-real-046', 'Mr. Mazaj', 'https://maps.app.goo.gl/trF18H5X4pxdFJS19?g_st=ic', 0, 0, '', 'UWELL Store', NULL, 1, '', '554616590', 'e9599b0f-16ce-4f66-b496-617e6863ecec', '2026-03-25T05:31:12.401Z', '2026-06-22T05:31:12.401Z') ON CONFLICT (id) DO NOTHING;
INSERT INTO public.stores (id, name, address, lat, lng, level, chain_name, chain_id, chain_store_count, contact, phone, created_by, created_at, updated_at) VALUES ('s-real-047', 'Mazaj al-riyadh lish-sheesh', 'https://maps.app.goo.gl/tPTkpHgCkZ2B8HGx6?g_st=ic', 0, 0, '', 'UWELL Store', NULL, 1, '', '574254060', 'e9599b0f-16ce-4f66-b496-617e6863ecec', '2026-03-25T05:31:12.401Z', '2026-06-22T05:31:12.401Z') ON CONFLICT (id) DO NOTHING;
INSERT INTO public.stores (id, name, address, lat, lng, level, chain_name, chain_id, chain_store_count, contact, phone, created_by, created_at, updated_at) VALUES ('s-real-048', 'Mazaj al-qaisar', '', 0, 0, '', 'UWELL Store', NULL, 10, '', '503506065', 'e9599b0f-16ce-4f66-b496-617e6863ecec', '2026-03-25T05:31:12.401Z', '2026-06-22T05:31:12.401Z') ON CONFLICT (id) DO NOTHING;
INSERT INTO public.stores (id, name, address, lat, lng, level, chain_name, chain_id, chain_store_count, contact, phone, created_by, created_at, updated_at) VALUES ('s-real-049', 'Rawa''e al-modhesh lil-moasalat', 'https://maps.app.goo.gl/XynwwSuGw8iZ3gW88?g_st=ic', 0, 0, '', 'UWELL Store', NULL, 1, '', '563833825', 'e9599b0f-16ce-4f66-b496-617e6863ecec', '2026-03-25T05:31:12.401Z', '2026-06-22T05:31:12.401Z') ON CONFLICT (id) DO NOTHING;
INSERT INTO public.stores (id, name, address, lat, lng, level, chain_name, chain_id, chain_store_count, contact, phone, created_by, created_at, updated_at) VALUES ('s-real-050', 'Walle'' Kaif', '', 0, 0, '', 'UWELL Store', NULL, 1, '', '581816750', 'e9599b0f-16ce-4f66-b496-617e6863ecec', '2026-03-25T05:31:12.401Z', '2026-06-22T05:31:12.401Z') ON CONFLICT (id) DO NOTHING;
INSERT INTO public.stores (id, name, address, lat, lng, level, chain_name, chain_id, chain_store_count, contact, phone, created_by, created_at, updated_at) VALUES ('s-real-051', 'Kaif al-sulay lil-moasalat', 'https://maps.app.goo.gl/N1t6aXycKHbk6STM9?g_st=ic', 0, 0, '', 'UWELL Store', NULL, 2, '', '556799712', 'e9599b0f-16ce-4f66-b496-617e6863ecec', '2026-03-25T05:31:12.402Z', '2026-06-22T05:31:12.402Z') ON CONFLICT (id) DO NOTHING;
INSERT INTO public.stores (id, name, address, lat, lng, level, chain_name, chain_id, chain_store_count, contact, phone, created_by, created_at, updated_at) VALUES ('s-real-052', 'Rawaq al-rawabi lil-moasalat', 'https://maps.app.goo.gl/EpXkomWQjTNvxCEi6?g_st=ic', 0, 0, '', 'UWELL Store', NULL, 1, '', '567273410', 'e9599b0f-16ce-4f66-b496-617e6863ecec', '2026-03-25T05:31:12.402Z', '2026-06-22T05:31:12.402Z') ON CONFLICT (id) DO NOTHING;
INSERT INTO public.stores (id, name, address, lat, lng, level, chain_name, chain_id, chain_store_count, contact, phone, created_by, created_at, updated_at) VALUES ('s-real-053', 'Rawa''e lil-moasalat', 'https://maps.app.goo.gl/qbVJgYDgHTfHrQtDA?g_st=ic', 0, 0, '', 'UWELL Store', NULL, 1, '', '533390030', 'e9599b0f-16ce-4f66-b496-617e6863ecec', '2026-03-25T05:31:12.402Z', '2026-06-22T05:31:12.402Z') ON CONFLICT (id) DO NOTHING;
INSERT INTO public.stores (id, name, address, lat, lng, level, chain_name, chain_id, chain_store_count, contact, phone, created_by, created_at, updated_at) VALUES ('s-real-054', 'Mazaj Al-Asimah', 'https://maps.app.goo.gl/C4beDA5DRJ1HaFWq5?g_st=ic', 0, 0, '', 'UWELL Store', NULL, 1, '', '541813334', 'e9599b0f-16ce-4f66-b496-617e6863ecec', '2026-03-25T05:31:12.402Z', '2026-06-22T05:31:12.402Z') ON CONFLICT (id) DO NOTHING;
INSERT INTO public.stores (id, name, address, lat, lng, level, chain_name, chain_id, chain_store_count, contact, phone, created_by, created_at, updated_at) VALUES ('s-real-055', 'Hawa al-mazaj', 'https://maps.app.goo.gl/7FqdauB3g54Bv5oV9?g_st=aw', 0, 0, '', 'UWELL Store', NULL, 1, '', '575101856', 'e9599b0f-16ce-4f66-b496-617e6863ecec', '2026-03-25T05:31:12.402Z', '2026-06-22T05:31:12.402Z') ON CONFLICT (id) DO NOTHING;
INSERT INTO public.stores (id, name, address, lat, lng, level, chain_name, chain_id, chain_store_count, contact, phone, created_by, created_at, updated_at) VALUES ('s-real-056', 'Nokhbat al-nakhah lish-sheesh walmoasalat', 'https://maps.app.goo.gl/WfU9T5rL6fKsjKZM6?g_st=aw', 0, 0, '', 'UWELL Store', NULL, 1, '', '539659097', 'e9599b0f-16ce-4f66-b496-617e6863ecec', '2026-03-25T05:31:12.402Z', '2026-06-22T05:31:12.402Z') ON CONFLICT (id) DO NOTHING;
INSERT INTO public.stores (id, name, address, lat, lng, level, chain_name, chain_id, chain_store_count, contact, phone, created_by, created_at, updated_at) VALUES ('s-real-057', 'sheesh wal-moasalat', 'https://maps.app.goo.gl/Ti2b6uCgzkviUpAt8?g_st=aw', 0, 0, '', 'UWELL Store', NULL, 3, '', '565300282', 'e9599b0f-16ce-4f66-b496-617e6863ecec', '2026-03-25T05:31:12.402Z', '2026-06-22T05:31:12.402Z') ON CONFLICT (id) DO NOTHING;
INSERT INTO public.stores (id, name, address, lat, lng, level, chain_name, chain_id, chain_store_count, contact, phone, created_by, created_at, updated_at) VALUES ('s-real-058', 'Mood Plus', 'https://maps.app.goo.gl/e5o8zgLf4XfBzAUT8?g_st=ic', 0, 0, '', 'UWELL Store', NULL, 2, '', '541509630', 'e9599b0f-16ce-4f66-b496-617e6863ecec', '2026-03-25T05:31:12.402Z', '2026-06-22T05:31:12.402Z') ON CONFLICT (id) DO NOTHING;
INSERT INTO public.stores (id, name, address, lat, lng, level, chain_name, chain_id, chain_store_count, contact, phone, created_by, created_at, updated_at) VALUES ('s-real-059', 'Layali toffahati', 'https://maps.app.goo.gl/eP5rDJ7fAJDEasGo7?g_st=aw', 0, 0, '', 'UWELL Store', NULL, 1, '', '550996352', 'e9599b0f-16ce-4f66-b496-617e6863ecec', '2026-03-25T05:31:12.402Z', '2026-06-22T05:31:12.402Z') ON CONFLICT (id) DO NOTHING;
INSERT INTO public.stores (id, name, address, lat, lng, level, chain_name, chain_id, chain_store_count, contact, phone, created_by, created_at, updated_at) VALUES ('s-real-060', 'Mazaj lubnan', 'https://maps.app.goo.gl/phUEc49uxiY1bP8v5?g_st=aw', 0, 0, '', 'UWELL Store', NULL, 1, '', '561954228', 'e9599b0f-16ce-4f66-b496-617e6863ecec', '2026-03-25T05:31:12.402Z', '2026-06-22T05:31:12.402Z') ON CONFLICT (id) DO NOTHING;
INSERT INTO public.stores (id, name, address, lat, lng, level, chain_name, chain_id, chain_store_count, contact, phone, created_by, created_at, updated_at) VALUES ('s-real-061', 'Dhaw'' al-ilham', 'https://maps.app.goo.gl/rgzVJWh823CN4w3W8?g_st=aw', 0, 0, '', 'UWELL Store', NULL, 1, '', '57905583', 'e9599b0f-16ce-4f66-b496-617e6863ecec', '2026-03-25T05:31:12.402Z', '2026-06-22T05:31:12.402Z') ON CONFLICT (id) DO NOTHING;
INSERT INTO public.stores (id, name, address, lat, lng, level, chain_name, chain_id, chain_store_count, contact, phone, created_by, created_at, updated_at) VALUES ('s-real-062', 'Tooti beiruti', 'https://maps.app.goo.gl/x1JXg5SehjBBPu4N6?g_st=ic', 0, 0, '', 'UWELL Store', NULL, 1, '', '531637116', 'e9599b0f-16ce-4f66-b496-617e6863ecec', '2026-03-25T05:31:12.402Z', '2026-06-22T05:31:12.402Z') ON CONFLICT (id) DO NOTHING;
INSERT INTO public.stores (id, name, address, lat, lng, level, chain_name, chain_id, chain_store_count, contact, phone, created_by, created_at, updated_at) VALUES ('s-real-063', 'Vape, cigar wa ghalyoun', 'https://maps.app.goo.gl/dNhj7PxgCJLAye3A8?g_st=aw', 0, 0, '', 'UWELL Store', NULL, 4, '', '583250160', 'e9599b0f-16ce-4f66-b496-617e6863ecec', '2026-03-25T05:31:12.402Z', '2026-06-22T05:31:12.402Z') ON CONFLICT (id) DO NOTHING;
INSERT INTO public.stores (id, name, address, lat, lng, level, chain_name, chain_id, chain_store_count, contact, phone, created_by, created_at, updated_at) VALUES ('s-real-064', 'Tobacco house', 'https://maps.app.goo.gl/CagkKRTuhgvYt8jj6?g_st=aw', 0, 0, '', 'UWELL Store', NULL, 1, '', '558586639', 'e9599b0f-16ce-4f66-b496-617e6863ecec', '2026-03-25T05:31:12.402Z', '2026-06-22T05:31:12.402Z') ON CONFLICT (id) DO NOTHING;
INSERT INTO public.stores (id, name, address, lat, lng, level, chain_name, chain_id, chain_store_count, contact, phone, created_by, created_at, updated_at) VALUES ('s-real-065', 'Bida vape', 'https://maps.app.goo.gl/GXHpnwmLC5i2yP9q8?g_st=ic', 0, 0, '', 'UWELL Store', NULL, 1, '', '503262087', 'e9599b0f-16ce-4f66-b496-617e6863ecec', '2026-03-25T05:31:12.402Z', '2026-06-22T05:31:12.402Z') ON CONFLICT (id) DO NOTHING;
INSERT INTO public.stores (id, name, address, lat, lng, level, chain_name, chain_id, chain_store_count, contact, phone, created_by, created_at, updated_at) VALUES ('s-real-066', 'Al-musafer lish-sheesh wal-moasalat', 'https://maps.app.goo.gl/FbempiM5tJcyFc9a8?g_st=aw', 0, 0, '', 'UWELL Store', NULL, 1, '', '503250666', 'e9599b0f-16ce-4f66-b496-617e6863ecec', '2026-03-25T05:31:12.402Z', '2026-06-22T05:31:12.402Z') ON CONFLICT (id) DO NOTHING;
INSERT INTO public.stores (id, name, address, lat, lng, level, chain_name, chain_id, chain_store_count, contact, phone, created_by, created_at, updated_at) VALUES ('s-real-067', 'Smook pls', 'https://maps.app.goo.gl/3SYfhHQ7nTHyPmnT8?g_st=aw', 0, 0, '', 'UWELL Store', NULL, 3, '', '565579445', 'e9599b0f-16ce-4f66-b496-617e6863ecec', '2026-03-25T05:31:12.402Z', '2026-06-22T05:31:12.402Z') ON CONFLICT (id) DO NOTHING;
INSERT INTO public.stores (id, name, address, lat, lng, level, chain_name, chain_id, chain_store_count, contact, phone, created_by, created_at, updated_at) VALUES ('s-real-068', 'Al-musafer lish-sheesh', 'https://maps.app.goo.gl/HVFoPEcEygBsLwdM6?g_st=aw', 0, 0, '', 'UWELL Store', NULL, 1, '', '500949513', 'e9599b0f-16ce-4f66-b496-617e6863ecec', '2026-03-25T05:31:12.402Z', '2026-06-22T05:31:12.402Z') ON CONFLICT (id) DO NOTHING;
INSERT INTO public.stores (id, name, address, lat, lng, level, chain_name, chain_id, chain_store_count, contact, phone, created_by, created_at, updated_at) VALUES ('s-real-069', 'Sultan lish-sheesh wal-moasalat', 'https://maps.app.goo.gl/ypjzd5ivjPYQ5NkC7?g_st=aw', 0, 0, '', 'UWELL Store', NULL, 1, '', '582683270', 'e9599b0f-16ce-4f66-b496-617e6863ecec', '2026-03-25T05:31:12.402Z', '2026-06-22T05:31:12.402Z') ON CONFLICT (id) DO NOTHING;
INSERT INTO public.stores (id, name, address, lat, lng, level, chain_name, chain_id, chain_store_count, contact, phone, created_by, created_at, updated_at) VALUES ('s-real-070', 'Sharikat shumookh al-fakhir', 'https://maps.app.goo.gl/6ejHHXiozeRuecf36?g_st=aw', 0, 0, '', 'UWELL Store', NULL, 1, '', '539310938', 'e9599b0f-16ce-4f66-b496-617e6863ecec', '2026-03-25T05:31:12.402Z', '2026-06-22T05:31:12.402Z') ON CONFLICT (id) DO NOTHING;
INSERT INTO public.stores (id, name, address, lat, lng, level, chain_name, chain_id, chain_store_count, contact, phone, created_by, created_at, updated_at) VALUES ('s-real-071', 'Al-musafer', 'https://maps.app.goo.gl/s49U7YJDPFeDy4NU9?g_st=aw', 0, 0, '', 'UWELL Store', NULL, 3, '', '506584666', 'e9599b0f-16ce-4f66-b496-617e6863ecec', '2026-03-25T05:31:12.402Z', '2026-06-22T05:31:12.402Z') ON CONFLICT (id) DO NOTHING;
INSERT INTO public.stores (id, name, address, lat, lng, level, chain_name, chain_id, chain_store_count, contact, phone, created_by, created_at, updated_at) VALUES ('s-real-072', 'Sharikat shumookh al-fakhir', 'https://maps.app.goo.gl/MjanbAyKBPxfu6F78?g_st=aw', 0, 0, '', 'UWELL Store', NULL, 4, '', '539310938', 'e9599b0f-16ce-4f66-b496-617e6863ecec', '2026-03-25T05:31:12.402Z', '2026-06-22T05:31:12.402Z') ON CONFLICT (id) DO NOTHING;
INSERT INTO public.stores (id, name, address, lat, lng, level, chain_name, chain_id, chain_store_count, contact, phone, created_by, created_at, updated_at) VALUES ('s-real-073', 'Dhaw'' al-ilham lil-moasalat', 'https://maps.app.goo.gl/Bqd8qyjKnDWgxi3m7?g_st=aw', 0, 0, '', 'UWELL Store', NULL, 3, '', '544878912', 'e9599b0f-16ce-4f66-b496-617e6863ecec', '2026-03-25T05:31:12.402Z', '2026-06-22T05:31:12.402Z') ON CONFLICT (id) DO NOTHING;
INSERT INTO public.stores (id, name, address, lat, lng, level, chain_name, chain_id, chain_store_count, contact, phone, created_by, created_at, updated_at) VALUES ('s-real-074', 'Smok plus lil-vape wal-moasalat', 'https://maps.app.goo.gl/FLXb7mf5LtjY8Gwh6?g_st=aw', 0, 0, '', 'UWELL Store', NULL, 3, '', '543903337', 'e9599b0f-16ce-4f66-b496-617e6863ecec', '2026-03-25T05:31:12.402Z', '2026-06-22T05:31:12.402Z') ON CONFLICT (id) DO NOTHING;
INSERT INTO public.stores (id, name, address, lat, lng, level, chain_name, chain_id, chain_store_count, contact, phone, created_by, created_at, updated_at) VALUES ('s-real-075', 'Oustorat al-atwal lil-moasalat', 'https://maps.app.goo.gl/MVgGR44i6t4oNjgo7?g_st=aw', 0, 0, '', 'UWELL Store', NULL, 2, '', '503413206', 'e9599b0f-16ce-4f66-b496-617e6863ecec', '2026-03-25T05:31:12.402Z', '2026-06-22T05:31:12.402Z') ON CONFLICT (id) DO NOTHING;
INSERT INTO public.stores (id, name, address, lat, lng, level, chain_name, chain_id, chain_store_count, contact, phone, created_by, created_at, updated_at) VALUES ('s-real-076', 'Smok plus', 'https://maps.app.goo.gl/yvrpHHtMBYgvFDcR9?g_st=aw', 0, 0, '', 'UWELL Store', NULL, 1, '', '532477285', 'e9599b0f-16ce-4f66-b496-617e6863ecec', '2026-03-25T05:31:12.402Z', '2026-06-22T05:31:12.402Z') ON CONFLICT (id) DO NOTHING;
INSERT INTO public.stores (id, name, address, lat, lng, level, chain_name, chain_id, chain_store_count, contact, phone, created_by, created_at, updated_at) VALUES ('s-real-077', 'ALMOSAFR TO TRADE', 'https://maps.app.goo.gl/PVEfLdYzGQsWj6UH9?g_st=aw', 0, 0, '', 'UWELL Store', NULL, 1, '', '571800860', 'e9599b0f-16ce-4f66-b496-617e6863ecec', '2026-03-25T05:31:12.402Z', '2026-06-22T05:31:12.402Z') ON CONFLICT (id) DO NOTHING;
INSERT INTO public.stores (id, name, address, lat, lng, level, chain_name, chain_id, chain_store_count, contact, phone, created_by, created_at, updated_at) VALUES ('s-real-078', 'Hadith al-masa', 'https://maps.app.goo.gl/nqNLpPoSKggb9zyv7?g_st=aw', 0, 0, '', 'UWELL Store', NULL, 1, '', '535226877', 'e9599b0f-16ce-4f66-b496-617e6863ecec', '2026-03-25T05:31:12.402Z', '2026-06-22T05:31:12.402Z') ON CONFLICT (id) DO NOTHING;
INSERT INTO public.stores (id, name, address, lat, lng, level, chain_name, chain_id, chain_store_count, contact, phone, created_by, created_at, updated_at) VALUES ('s-real-079', 'Nisr al-keif', 'https://maps.app.goo.gl/rU7oSXiJhiQDaAVa6?g_st=aw', 0, 0, '', 'UWELL Store', NULL, 1, '', '507976579', 'e9599b0f-16ce-4f66-b496-617e6863ecec', '2026-03-25T05:31:12.402Z', '2026-06-22T05:31:12.402Z') ON CONFLICT (id) DO NOTHING;
INSERT INTO public.stores (id, name, address, lat, lng, level, chain_name, chain_id, chain_store_count, contact, phone, created_by, created_at, updated_at) VALUES ('s-real-080', 'Sharikat joud al-keif', 'https://maps.app.goo.gl/8uT1iqPGWXvnvWWD8?g_st=aw', 0, 0, '', 'UWELL Store', NULL, 1, '', '508307689', 'e9599b0f-16ce-4f66-b496-617e6863ecec', '2026-03-25T05:31:12.402Z', '2026-06-22T05:31:12.402Z') ON CONFLICT (id) DO NOTHING;

-- ===== Visits (30) =====
INSERT INTO public.visits (id, store_id, rep_id, visit_date, status, notes, created_at, updated_at) VALUES ('v-real-001', 's-real-001', 'e9599b0f-16ce-4f66-b496-617e6863ecec', '2026-06-22', 'completed', 'G4 PRO display looks great, 15 units in stock. Competitor Xlim Pro has poster on door. Placed UWELL door panel sticker and added store to WhatsApp group.', '2026-06-22T05:31:12.402Z', '2026-06-22T05:31:12.402Z') ON CONFLICT (id) DO NOTHING;
INSERT INTO public.visits (id, store_id, rep_id, visit_date, status, notes, created_at, updated_at) VALUES ('v-real-002', 's-real-002', 'e9599b0f-16ce-4f66-b496-617e6863ecec', '2026-06-22', 'completed', 'G4 pods out of stock, customer asking for restock urgently. Need to coordinate distributor resupply this week.', '2026-06-22T05:31:12.402Z', '2026-06-22T05:31:12.402Z') ON CONFLICT (id) DO NOTHING;
INSERT INTO public.visits (id, store_id, rep_id, visit_date, status, notes, created_at, updated_at) VALUES ('v-real-003', 's-real-003', 'e9599b0f-16ce-4f66-b496-617e6863ecec', '2026-06-22', 'completed', 'UWELL G4 PRO selling 8-12 units/month, pods selling 30-50 units/month. Strong shelf presence, staff knowledgeable about pod systems.', '2026-06-22T05:31:12.402Z', '2026-06-22T05:31:12.402Z') ON CONFLICT (id) DO NOTHING;
INSERT INTO public.visits (id, store_id, rep_id, visit_date, status, notes, created_at, updated_at) VALUES ('v-real-004', 's-real-004', 'e9599b0f-16ce-4f66-b496-617e6863ecec', '2026-06-21', 'completed', 'OXVA gaining shelf space, need more POSM. Demonstrated G5 features to staff, strong interest in coil advantage.', '2026-06-21T05:31:12.402Z', '2026-06-21T05:31:12.402Z') ON CONFLICT (id) DO NOTHING;
INSERT INTO public.visits (id, store_id, rep_id, visit_date, status, notes, created_at, updated_at) VALUES ('v-real-005', 's-real-005', 'e9599b0f-16ce-4f66-b496-617e6863ecec', '2026-06-21', 'completed', 'Vaporesso pushing hard with new XROS display. UWELL shelf reduced. Scheduled display reset for next visit.', '2026-06-21T05:31:12.402Z', '2026-06-21T05:31:12.402Z') ON CONFLICT (id) DO NOTHING;
INSERT INTO public.visits (id, store_id, rep_id, visit_date, status, notes, created_at, updated_at) VALUES ('v-real-006', 's-real-006', 'e9599b0f-16ce-4f66-b496-617e6863ecec', '2026-06-21', 'completed', 'G4 PRO best seller here. Added store owner to UWELL WhatsApp group. 20 G4 pods in stock, healthy inventory.', '2026-06-21T05:31:12.402Z', '2026-06-21T05:31:12.402Z') ON CONFLICT (id) DO NOTHING;
INSERT INTO public.visits (id, store_id, rep_id, visit_date, status, notes, created_at, updated_at) VALUES ('v-real-007', 's-real-007', 'e9599b0f-16ce-4f66-b496-617e6863ecec', '2026-06-20', 'completed', 'New fan registered from QR scan! Welcome. UWELL lightbox installed and looks great, drawing customer attention.', '2026-06-20T05:31:12.402Z', '2026-06-20T05:31:12.402Z') ON CONFLICT (id) DO NOTHING;
INSERT INTO public.visits (id, store_id, rep_id, visit_date, status, notes, created_at, updated_at) VALUES ('v-real-008', 's-real-008', 'e9599b0f-16ce-4f66-b496-617e6863ecec', '2026-06-20', 'completed', 'Chain store with 3 locations. G4 pods moving fast, restock 50 units requested. Manager very cooperative.', '2026-06-20T05:31:12.402Z', '2026-06-20T05:31:12.402Z') ON CONFLICT (id) DO NOTHING;
INSERT INTO public.visits (id, store_id, rep_id, visit_date, status, notes, created_at, updated_at) VALUES ('v-real-009', 's-real-009', 'e9599b0f-16ce-4f66-b496-617e6863ecec', '2026-06-20', 'completed', 'Small store, limited display. Suggested focusing on KOKO entry-level device to attract budget customers.', '2026-06-20T05:31:12.402Z', '2026-06-20T05:31:12.402Z') ON CONFLICT (id) DO NOTHING;
INSERT INTO public.visits (id, store_id, rep_id, visit_date, status, notes, created_at, updated_at) VALUES ('v-real-010', 's-real-010', 'e9599b0f-16ce-4f66-b496-617e6863ecec', '2026-06-19', 'completed', 'G5 demo done, owner impressed by flavor. 5 units ordered on spot. Ramadan promo materials placed on counter.', '2026-06-19T05:31:12.402Z', '2026-06-19T05:31:12.402Z') ON CONFLICT (id) DO NOTHING;
INSERT INTO public.visits (id, store_id, rep_id, visit_date, status, notes, created_at, updated_at) VALUES ('v-real-011', 's-real-011', 'e9599b0f-16ce-4f66-b496-617e6863ecec', '2026-06-19', 'completed', 'Strong UWELL shelf presence, G4 PRO best seller. Staff trained on pod replacement. Sales up 15% this month.', '2026-06-19T05:31:12.402Z', '2026-06-19T05:31:12.402Z') ON CONFLICT (id) DO NOTHING;
INSERT INTO public.visits (id, store_id, rep_id, visit_date, status, notes, created_at, updated_at) VALUES ('v-real-012', 's-real-012', 'e9599b0f-16ce-4f66-b496-617e6863ecec', '2026-06-19', 'completed', 'A-level store, premium location. G5 selling 10+ units/month. Recommended adding KOKO for entry segment.', '2026-06-19T05:31:12.402Z', '2026-06-19T05:31:12.402Z') ON CONFLICT (id) DO NOTHING;
INSERT INTO public.visits (id, store_id, rep_id, visit_date, status, notes, created_at, updated_at) VALUES ('v-real-013', 's-real-013', 'e9599b0f-16ce-4f66-b496-617e6863ecec', '2026-06-18', 'completed', 'Competitor watch: Vaporesso XROS 4 launched. Pushed G4 PRO''s superior coil life as key differentiator.', '2026-06-18T05:31:12.402Z', '2026-06-18T05:31:12.402Z') ON CONFLICT (id) DO NOTHING;
INSERT INTO public.visits (id, store_id, rep_id, visit_date, status, notes, created_at, updated_at) VALUES ('v-real-014', 's-real-014', 'e9599b0f-16ce-4f66-b496-617e6863ecec', '2026-06-18', 'completed', 'Store display upgraded with UWELL lightbox and acrylic stand. Looks premium. Expect sales lift of 30%.', '2026-06-18T05:31:12.402Z', '2026-06-18T05:31:12.402Z') ON CONFLICT (id) DO NOTHING;
INSERT INTO public.visits (id, store_id, rep_id, visit_date, status, notes, created_at, updated_at) VALUES ('v-real-015', 's-real-015', 'e9599b0f-16ce-4f66-b496-617e6863ecec', '2026-06-18', 'completed', 'C-level store struggling. Owner only stocks competitor pods. Left samples and catalog, follow up next week.', '2026-06-18T05:31:12.402Z', '2026-06-18T05:31:12.402Z') ON CONFLICT (id) DO NOTHING;
INSERT INTO public.visits (id, store_id, rep_id, visit_date, status, notes, created_at, updated_at) VALUES ('v-real-016', 's-real-016', 'e9599b0f-16ce-4f66-b496-617e6863ecec', '2026-06-17', 'completed', 'Ramadan promo live: buy 2 G4 get 1 pod free. POSM placed. Early sales strong, 8 units sold in 2 days.', '2026-06-17T05:31:12.402Z', '2026-06-17T05:31:12.402Z') ON CONFLICT (id) DO NOTHING;
INSERT INTO public.visits (id, store_id, rep_id, visit_date, status, notes, created_at, updated_at) VALUES ('v-real-017', 's-real-017', 'e9599b0f-16ce-4f66-b496-617e6863ecec', '2026-06-17', 'completed', 'G4 pods restocked 60 units. Owner happy with margin. Suggested bundling pods with KOKO device.', '2026-06-17T05:31:12.402Z', '2026-06-17T05:31:12.402Z') ON CONFLICT (id) DO NOTHING;
INSERT INTO public.visits (id, store_id, rep_id, visit_date, status, notes, created_at, updated_at) VALUES ('v-real-018', 's-real-018', 'e9599b0f-16ce-4f66-b496-617e6863ecec', '2026-06-17', 'completed', 'WhatsApp community growing - added 3 store staff today. Sharing daily G5 tips and coil care guides.', '2026-06-17T05:31:12.402Z', '2026-06-17T05:31:12.402Z') ON CONFLICT (id) DO NOTHING;
INSERT INTO public.visits (id, store_id, rep_id, visit_date, status, notes, created_at, updated_at) VALUES ('v-real-019', 's-real-019', 'e9599b0f-16ce-4f66-b496-617e6863ecec', '2026-06-16', 'completed', 'Store check: G4 PRO 12 units in stock, G5 5 units, pods 40. Display tidy. Placed new A2 poster.', '2026-06-16T05:31:12.402Z', '2026-06-16T05:31:12.402Z') ON CONFLICT (id) DO NOTHING;
INSERT INTO public.visits (id, store_id, rep_id, visit_date, status, notes, created_at, updated_at) VALUES ('v-real-020', 's-real-020', 'e9599b0f-16ce-4f66-b496-617e6863ecec', '2026-06-16', 'completed', 'Customer feedback: G4 PRO flavor better than Xlim Pro. Captured testimonial for marketing. Sales steady.', '2026-06-16T05:31:12.402Z', '2026-06-16T05:31:12.402Z') ON CONFLICT (id) DO NOTHING;
INSERT INTO public.visits (id, store_id, rep_id, visit_date, status, notes, created_at, updated_at) VALUES ('v-real-021', 's-real-021', 'e9599b0f-16ce-4f66-b496-617e6863ecec', '2026-06-16', 'completed', 'POSM installation complete: door panel + lightbox. Store now looks like flagship UWELL partner.', '2026-06-16T05:31:12.402Z', '2026-06-16T05:31:12.402Z') ON CONFLICT (id) DO NOTHING;
INSERT INTO public.visits (id, store_id, rep_id, visit_date, status, notes, created_at, updated_at) VALUES ('v-real-022', 's-real-022', 'e9599b0f-16ce-4f66-b496-617e6863ecec', '2026-06-15', 'completed', 'B-level store improving. After training, staff now recommend UWELL first. Pod attach rate up to 60%.', '2026-06-15T05:31:12.402Z', '2026-06-15T05:31:12.402Z') ON CONFLICT (id) DO NOTHING;
INSERT INTO public.visits (id, store_id, rep_id, visit_date, status, notes, created_at, updated_at) VALUES ('v-real-023', 's-real-023', 'e9599b0f-16ce-4f66-b496-617e6863ecec', '2026-06-15', 'completed', 'Stock alert: G5 running low (3 units left). Placed urgent order. G4 PRO healthy at 18 units.', '2026-06-15T05:31:12.402Z', '2026-06-15T05:31:12.402Z') ON CONFLICT (id) DO NOTHING;
INSERT INTO public.visits (id, store_id, rep_id, visit_date, status, notes, created_at, updated_at) VALUES ('v-real-024', 's-real-024', 'e9599b0f-16ce-4f66-b496-617e6863ecec', '2026-06-15', 'completed', 'Just Smoke Vape flagship visit. G5 demo event planned for next week. 20+ customers expected.', '2026-06-15T05:31:12.402Z', '2026-06-15T05:31:12.402Z') ON CONFLICT (id) DO NOTHING;
INSERT INTO public.visits (id, store_id, rep_id, visit_date, status, notes, created_at, updated_at) VALUES ('v-real-025', 's-real-025', 'e9599b0f-16ce-4f66-b496-617e6863ecec', '2026-06-14', 'completed', 'Holiday foot traffic strong. G4 PRO 9 units sold this week. Ramadan giveaway driving scan registrations.', '2026-06-14T05:31:12.402Z', '2026-06-14T05:31:12.402Z') ON CONFLICT (id) DO NOTHING;
INSERT INTO public.visits (id, store_id, rep_id, visit_date, status, notes, created_at, updated_at) VALUES ('v-real-026', 's-real-026', 'e9599b0f-16ce-4f66-b496-617e6863ecec', '2026-06-14', 'completed', 'New competitor poster on window (OXVA Xlim Pro). Replaced with UWELL G5 banner. Maintained visibility.', '2026-06-14T05:31:12.402Z', '2026-06-14T05:31:12.402Z') ON CONFLICT (id) DO NOTHING;
INSERT INTO public.visits (id, store_id, rep_id, visit_date, status, notes, created_at, updated_at) VALUES ('v-real-027', 's-real-027', 'e9599b0f-16ce-4f66-b496-617e6863ecec', '2026-06-14', 'completed', 'C-level store. Limited budget. Suggested KOKO + pod bundle as low-risk entry. Owner considering.', '2026-06-14T05:31:12.402Z', '2026-06-14T05:31:12.402Z') ON CONFLICT (id) DO NOTHING;
INSERT INTO public.visits (id, store_id, rep_id, visit_date, status, notes, created_at, updated_at) VALUES ('v-real-028', 's-real-028', 'e9599b0f-16ce-4f66-b496-617e6863ecec', '2026-06-13', 'completed', 'A-level store, top performer. G5 15 units/month, G4 PRO 20 units/month. Recommended for VIP program.', '2026-06-13T05:31:12.402Z', '2026-06-13T05:31:12.402Z') ON CONFLICT (id) DO NOTHING;
INSERT INTO public.visits (id, store_id, rep_id, visit_date, status, notes, created_at, updated_at) VALUES ('v-real-029', 's-real-029', 'e9599b0f-16ce-4f66-b496-617e6863ecec', '2026-06-13', 'completed', 'Store owner joined WhatsApp group, already asking about G5 restock. Engagement building well.', '2026-06-13T05:31:12.402Z', '2026-06-13T05:31:12.402Z') ON CONFLICT (id) DO NOTHING;
INSERT INTO public.visits (id, store_id, rep_id, visit_date, status, notes, created_at, updated_at) VALUES ('v-real-030', 's-real-030', 'e9599b0f-16ce-4f66-b496-617e6863ecec', '2026-06-13', 'completed', 'Monthly visit complete. Sales data collected: 12 G4 PRO, 45 pods sold. Display photos uploaded.', '2026-06-13T05:31:12.402Z', '2026-06-13T05:31:12.402Z') ON CONFLICT (id) DO NOTHING;

-- ===== Visit Sales (70) =====
INSERT INTO public.visit_sales (id, visit_id, product_id, sales_qty, sales_amount, stock_qty, created_at) VALUES ('vs-real-001', 'v-real-001', 'p-001', 12, 960, 15, '2026-06-22T05:31:12.402Z') ON CONFLICT (visit_id, product_id) DO UPDATE SET sales_qty = EXCLUDED.sales_qty, sales_amount = EXCLUDED.sales_amount, stock_qty = EXCLUDED.stock_qty;
INSERT INTO public.visit_sales (id, visit_id, product_id, sales_qty, sales_amount, stock_qty, created_at) VALUES ('vs-real-002', 'v-real-001', 'p-006', 45, 675, 50, '2026-06-22T05:31:12.402Z') ON CONFLICT (visit_id, product_id) DO UPDATE SET sales_qty = EXCLUDED.sales_qty, sales_amount = EXCLUDED.sales_amount, stock_qty = EXCLUDED.stock_qty;
INSERT INTO public.visit_sales (id, visit_id, product_id, sales_qty, sales_amount, stock_qty, created_at) VALUES ('vs-real-003', 'v-real-002', 'p-001', 8, 640, 5, '2026-06-22T05:31:12.402Z') ON CONFLICT (visit_id, product_id) DO UPDATE SET sales_qty = EXCLUDED.sales_qty, sales_amount = EXCLUDED.sales_amount, stock_qty = EXCLUDED.stock_qty;
INSERT INTO public.visit_sales (id, visit_id, product_id, sales_qty, sales_amount, stock_qty, created_at) VALUES ('vs-real-004', 'v-real-002', 'p-006', 30, 450, 10, '2026-06-22T05:31:12.402Z') ON CONFLICT (visit_id, product_id) DO UPDATE SET sales_qty = EXCLUDED.sales_qty, sales_amount = EXCLUDED.sales_amount, stock_qty = EXCLUDED.stock_qty;
INSERT INTO public.visit_sales (id, visit_id, product_id, sales_qty, sales_amount, stock_qty, created_at) VALUES ('vs-real-005', 'v-real-003', 'p-001', 10, 800, 20, '2026-06-22T05:31:12.402Z') ON CONFLICT (visit_id, product_id) DO UPDATE SET sales_qty = EXCLUDED.sales_qty, sales_amount = EXCLUDED.sales_amount, stock_qty = EXCLUDED.stock_qty;
INSERT INTO public.visit_sales (id, visit_id, product_id, sales_qty, sales_amount, stock_qty, created_at) VALUES ('vs-real-006', 'v-real-003', 'p-006', 50, 750, 60, '2026-06-22T05:31:12.402Z') ON CONFLICT (visit_id, product_id) DO UPDATE SET sales_qty = EXCLUDED.sales_qty, sales_amount = EXCLUDED.sales_amount, stock_qty = EXCLUDED.stock_qty;
INSERT INTO public.visit_sales (id, visit_id, product_id, sales_qty, sales_amount, stock_qty, created_at) VALUES ('vs-real-007', 'v-real-004', 'p-004', 6, 720, 8, '2026-06-21T05:31:12.402Z') ON CONFLICT (visit_id, product_id) DO UPDATE SET sales_qty = EXCLUDED.sales_qty, sales_amount = EXCLUDED.sales_amount, stock_qty = EXCLUDED.stock_qty;
INSERT INTO public.visit_sales (id, visit_id, product_id, sales_qty, sales_amount, stock_qty, created_at) VALUES ('vs-real-008', 'v-real-004', 'p-007', 25, 450, 30, '2026-06-21T05:31:12.402Z') ON CONFLICT (visit_id, product_id) DO UPDATE SET sales_qty = EXCLUDED.sales_qty, sales_amount = EXCLUDED.sales_amount, stock_qty = EXCLUDED.stock_qty;
INSERT INTO public.visit_sales (id, visit_id, product_id, sales_qty, sales_amount, stock_qty, created_at) VALUES ('vs-real-009', 'v-real-004', 'p-001', 9, 720, 12, '2026-06-21T05:31:12.402Z') ON CONFLICT (visit_id, product_id) DO UPDATE SET sales_qty = EXCLUDED.sales_qty, sales_amount = EXCLUDED.sales_amount, stock_qty = EXCLUDED.stock_qty;
INSERT INTO public.visit_sales (id, visit_id, product_id, sales_qty, sales_amount, stock_qty, created_at) VALUES ('vs-real-010', 'v-real-005', 'p-003', 15, 975, 20, '2026-06-21T05:31:12.402Z') ON CONFLICT (visit_id, product_id) DO UPDATE SET sales_qty = EXCLUDED.sales_qty, sales_amount = EXCLUDED.sales_amount, stock_qty = EXCLUDED.stock_qty;
INSERT INTO public.visit_sales (id, visit_id, product_id, sales_qty, sales_amount, stock_qty, created_at) VALUES ('vs-real-011', 'v-real-005', 'p-006', 35, 525, 15, '2026-06-21T05:31:12.402Z') ON CONFLICT (visit_id, product_id) DO UPDATE SET sales_qty = EXCLUDED.sales_qty, sales_amount = EXCLUDED.sales_amount, stock_qty = EXCLUDED.stock_qty;
INSERT INTO public.visit_sales (id, visit_id, product_id, sales_qty, sales_amount, stock_qty, created_at) VALUES ('vs-real-012', 'v-real-006', 'p-001', 11, 880, 18, '2026-06-21T05:31:12.402Z') ON CONFLICT (visit_id, product_id) DO UPDATE SET sales_qty = EXCLUDED.sales_qty, sales_amount = EXCLUDED.sales_amount, stock_qty = EXCLUDED.stock_qty;
INSERT INTO public.visit_sales (id, visit_id, product_id, sales_qty, sales_amount, stock_qty, created_at) VALUES ('vs-real-013', 'v-real-006', 'p-006', 40, 600, 45, '2026-06-21T05:31:12.402Z') ON CONFLICT (visit_id, product_id) DO UPDATE SET sales_qty = EXCLUDED.sales_qty, sales_amount = EXCLUDED.sales_amount, stock_qty = EXCLUDED.stock_qty;
INSERT INTO public.visit_sales (id, visit_id, product_id, sales_qty, sales_amount, stock_qty, created_at) VALUES ('vs-real-014', 'v-real-007', 'p-005', 14, 700, 16, '2026-06-20T05:31:12.402Z') ON CONFLICT (visit_id, product_id) DO UPDATE SET sales_qty = EXCLUDED.sales_qty, sales_amount = EXCLUDED.sales_amount, stock_qty = EXCLUDED.stock_qty;
INSERT INTO public.visit_sales (id, visit_id, product_id, sales_qty, sales_amount, stock_qty, created_at) VALUES ('vs-real-015', 'v-real-007', 'p-008', 38, 456, 40, '2026-06-20T05:31:12.402Z') ON CONFLICT (visit_id, product_id) DO UPDATE SET sales_qty = EXCLUDED.sales_qty, sales_amount = EXCLUDED.sales_amount, stock_qty = EXCLUDED.stock_qty;
INSERT INTO public.visit_sales (id, visit_id, product_id, sales_qty, sales_amount, stock_qty, created_at) VALUES ('vs-real-016', 'v-real-008', 'p-001', 9, 720, 10, '2026-06-20T05:31:12.402Z') ON CONFLICT (visit_id, product_id) DO UPDATE SET sales_qty = EXCLUDED.sales_qty, sales_amount = EXCLUDED.sales_amount, stock_qty = EXCLUDED.stock_qty;
INSERT INTO public.visit_sales (id, visit_id, product_id, sales_qty, sales_amount, stock_qty, created_at) VALUES ('vs-real-017', 'v-real-008', 'p-006', 42, 630, 20, '2026-06-20T05:31:12.402Z') ON CONFLICT (visit_id, product_id) DO UPDATE SET sales_qty = EXCLUDED.sales_qty, sales_amount = EXCLUDED.sales_amount, stock_qty = EXCLUDED.stock_qty;
INSERT INTO public.visit_sales (id, visit_id, product_id, sales_qty, sales_amount, stock_qty, created_at) VALUES ('vs-real-018', 'v-real-008', 'p-004', 4, 480, 6, '2026-06-20T05:31:12.402Z') ON CONFLICT (visit_id, product_id) DO UPDATE SET sales_qty = EXCLUDED.sales_qty, sales_amount = EXCLUDED.sales_amount, stock_qty = EXCLUDED.stock_qty;
INSERT INTO public.visit_sales (id, visit_id, product_id, sales_qty, sales_amount, stock_qty, created_at) VALUES ('vs-real-019', 'v-real-009', 'p-005', 8, 400, 12, '2026-06-20T05:31:12.402Z') ON CONFLICT (visit_id, product_id) DO UPDATE SET sales_qty = EXCLUDED.sales_qty, sales_amount = EXCLUDED.sales_amount, stock_qty = EXCLUDED.stock_qty;
INSERT INTO public.visit_sales (id, visit_id, product_id, sales_qty, sales_amount, stock_qty, created_at) VALUES ('vs-real-020', 'v-real-009', 'p-008', 25, 300, 30, '2026-06-20T05:31:12.402Z') ON CONFLICT (visit_id, product_id) DO UPDATE SET sales_qty = EXCLUDED.sales_qty, sales_amount = EXCLUDED.sales_amount, stock_qty = EXCLUDED.stock_qty;
INSERT INTO public.visit_sales (id, visit_id, product_id, sales_qty, sales_amount, stock_qty, created_at) VALUES ('vs-real-021', 'v-real-010', 'p-004', 5, 600, 8, '2026-06-19T05:31:12.402Z') ON CONFLICT (visit_id, product_id) DO UPDATE SET sales_qty = EXCLUDED.sales_qty, sales_amount = EXCLUDED.sales_amount, stock_qty = EXCLUDED.stock_qty;
INSERT INTO public.visit_sales (id, visit_id, product_id, sales_qty, sales_amount, stock_qty, created_at) VALUES ('vs-real-022', 'v-real-010', 'p-007', 20, 360, 25, '2026-06-19T05:31:12.402Z') ON CONFLICT (visit_id, product_id) DO UPDATE SET sales_qty = EXCLUDED.sales_qty, sales_amount = EXCLUDED.sales_amount, stock_qty = EXCLUDED.stock_qty;
INSERT INTO public.visit_sales (id, visit_id, product_id, sales_qty, sales_amount, stock_qty, created_at) VALUES ('vs-real-023', 'v-real-011', 'p-001', 13, 1040, 16, '2026-06-19T05:31:12.402Z') ON CONFLICT (visit_id, product_id) DO UPDATE SET sales_qty = EXCLUDED.sales_qty, sales_amount = EXCLUDED.sales_amount, stock_qty = EXCLUDED.stock_qty;
INSERT INTO public.visit_sales (id, visit_id, product_id, sales_qty, sales_amount, stock_qty, created_at) VALUES ('vs-real-024', 'v-real-011', 'p-006', 48, 720, 50, '2026-06-19T05:31:12.402Z') ON CONFLICT (visit_id, product_id) DO UPDATE SET sales_qty = EXCLUDED.sales_qty, sales_amount = EXCLUDED.sales_amount, stock_qty = EXCLUDED.stock_qty;
INSERT INTO public.visit_sales (id, visit_id, product_id, sales_qty, sales_amount, stock_qty, created_at) VALUES ('vs-real-025', 'v-real-012', 'p-004', 11, 1320, 9, '2026-06-19T05:31:12.402Z') ON CONFLICT (visit_id, product_id) DO UPDATE SET sales_qty = EXCLUDED.sales_qty, sales_amount = EXCLUDED.sales_amount, stock_qty = EXCLUDED.stock_qty;
INSERT INTO public.visit_sales (id, visit_id, product_id, sales_qty, sales_amount, stock_qty, created_at) VALUES ('vs-real-026', 'v-real-012', 'p-007', 30, 540, 35, '2026-06-19T05:31:12.402Z') ON CONFLICT (visit_id, product_id) DO UPDATE SET sales_qty = EXCLUDED.sales_qty, sales_amount = EXCLUDED.sales_amount, stock_qty = EXCLUDED.stock_qty;
INSERT INTO public.visit_sales (id, visit_id, product_id, sales_qty, sales_amount, stock_qty, created_at) VALUES ('vs-real-027', 'v-real-012', 'p-005', 7, 350, 10, '2026-06-19T05:31:12.402Z') ON CONFLICT (visit_id, product_id) DO UPDATE SET sales_qty = EXCLUDED.sales_qty, sales_amount = EXCLUDED.sales_amount, stock_qty = EXCLUDED.stock_qty;
INSERT INTO public.visit_sales (id, visit_id, product_id, sales_qty, sales_amount, stock_qty, created_at) VALUES ('vs-real-028', 'v-real-013', 'p-001', 10, 800, 14, '2026-06-18T05:31:12.402Z') ON CONFLICT (visit_id, product_id) DO UPDATE SET sales_qty = EXCLUDED.sales_qty, sales_amount = EXCLUDED.sales_amount, stock_qty = EXCLUDED.stock_qty;
INSERT INTO public.visit_sales (id, visit_id, product_id, sales_qty, sales_amount, stock_qty, created_at) VALUES ('vs-real-029', 'v-real-013', 'p-006', 38, 570, 40, '2026-06-18T05:31:12.402Z') ON CONFLICT (visit_id, product_id) DO UPDATE SET sales_qty = EXCLUDED.sales_qty, sales_amount = EXCLUDED.sales_amount, stock_qty = EXCLUDED.stock_qty;
INSERT INTO public.visit_sales (id, visit_id, product_id, sales_qty, sales_amount, stock_qty, created_at) VALUES ('vs-real-030', 'v-real-014', 'p-001', 12, 960, 18, '2026-06-18T05:31:12.402Z') ON CONFLICT (visit_id, product_id) DO UPDATE SET sales_qty = EXCLUDED.sales_qty, sales_amount = EXCLUDED.sales_amount, stock_qty = EXCLUDED.stock_qty;
INSERT INTO public.visit_sales (id, visit_id, product_id, sales_qty, sales_amount, stock_qty, created_at) VALUES ('vs-real-031', 'v-real-014', 'p-004', 6, 720, 8, '2026-06-18T05:31:12.402Z') ON CONFLICT (visit_id, product_id) DO UPDATE SET sales_qty = EXCLUDED.sales_qty, sales_amount = EXCLUDED.sales_amount, stock_qty = EXCLUDED.stock_qty;
INSERT INTO public.visit_sales (id, visit_id, product_id, sales_qty, sales_amount, stock_qty, created_at) VALUES ('vs-real-032', 'v-real-014', 'p-006', 45, 675, 50, '2026-06-18T05:31:12.402Z') ON CONFLICT (visit_id, product_id) DO UPDATE SET sales_qty = EXCLUDED.sales_qty, sales_amount = EXCLUDED.sales_amount, stock_qty = EXCLUDED.stock_qty;
INSERT INTO public.visit_sales (id, visit_id, product_id, sales_qty, sales_amount, stock_qty, created_at) VALUES ('vs-real-033', 'v-real-015', 'p-005', 5, 250, 8, '2026-06-18T05:31:12.402Z') ON CONFLICT (visit_id, product_id) DO UPDATE SET sales_qty = EXCLUDED.sales_qty, sales_amount = EXCLUDED.sales_amount, stock_qty = EXCLUDED.stock_qty;
INSERT INTO public.visit_sales (id, visit_id, product_id, sales_qty, sales_amount, stock_qty, created_at) VALUES ('vs-real-034', 'v-real-015', 'p-008', 18, 216, 20, '2026-06-18T05:31:12.402Z') ON CONFLICT (visit_id, product_id) DO UPDATE SET sales_qty = EXCLUDED.sales_qty, sales_amount = EXCLUDED.sales_amount, stock_qty = EXCLUDED.stock_qty;
INSERT INTO public.visit_sales (id, visit_id, product_id, sales_qty, sales_amount, stock_qty, created_at) VALUES ('vs-real-035', 'v-real-016', 'p-003', 14, 910, 16, '2026-06-17T05:31:12.402Z') ON CONFLICT (visit_id, product_id) DO UPDATE SET sales_qty = EXCLUDED.sales_qty, sales_amount = EXCLUDED.sales_amount, stock_qty = EXCLUDED.stock_qty;
INSERT INTO public.visit_sales (id, visit_id, product_id, sales_qty, sales_amount, stock_qty, created_at) VALUES ('vs-real-036', 'v-real-016', 'p-006', 50, 750, 55, '2026-06-17T05:31:12.402Z') ON CONFLICT (visit_id, product_id) DO UPDATE SET sales_qty = EXCLUDED.sales_qty, sales_amount = EXCLUDED.sales_amount, stock_qty = EXCLUDED.stock_qty;
INSERT INTO public.visit_sales (id, visit_id, product_id, sales_qty, sales_amount, stock_qty, created_at) VALUES ('vs-real-037', 'v-real-017', 'p-001', 9, 720, 22, '2026-06-17T05:31:12.402Z') ON CONFLICT (visit_id, product_id) DO UPDATE SET sales_qty = EXCLUDED.sales_qty, sales_amount = EXCLUDED.sales_amount, stock_qty = EXCLUDED.stock_qty;
INSERT INTO public.visit_sales (id, visit_id, product_id, sales_qty, sales_amount, stock_qty, created_at) VALUES ('vs-real-038', 'v-real-017', 'p-006', 55, 825, 60, '2026-06-17T05:31:12.402Z') ON CONFLICT (visit_id, product_id) DO UPDATE SET sales_qty = EXCLUDED.sales_qty, sales_amount = EXCLUDED.sales_amount, stock_qty = EXCLUDED.stock_qty;
INSERT INTO public.visit_sales (id, visit_id, product_id, sales_qty, sales_amount, stock_qty, created_at) VALUES ('vs-real-039', 'v-real-017', 'p-008', 20, 240, 25, '2026-06-17T05:31:12.402Z') ON CONFLICT (visit_id, product_id) DO UPDATE SET sales_qty = EXCLUDED.sales_qty, sales_amount = EXCLUDED.sales_amount, stock_qty = EXCLUDED.stock_qty;
INSERT INTO public.visit_sales (id, visit_id, product_id, sales_qty, sales_amount, stock_qty, created_at) VALUES ('vs-real-040', 'v-real-018', 'p-005', 10, 500, 14, '2026-06-17T05:31:12.402Z') ON CONFLICT (visit_id, product_id) DO UPDATE SET sales_qty = EXCLUDED.sales_qty, sales_amount = EXCLUDED.sales_amount, stock_qty = EXCLUDED.stock_qty;
INSERT INTO public.visit_sales (id, visit_id, product_id, sales_qty, sales_amount, stock_qty, created_at) VALUES ('vs-real-041', 'v-real-018', 'p-008', 30, 360, 35, '2026-06-17T05:31:12.402Z') ON CONFLICT (visit_id, product_id) DO UPDATE SET sales_qty = EXCLUDED.sales_qty, sales_amount = EXCLUDED.sales_amount, stock_qty = EXCLUDED.stock_qty;
INSERT INTO public.visit_sales (id, visit_id, product_id, sales_qty, sales_amount, stock_qty, created_at) VALUES ('vs-real-042', 'v-real-019', 'p-001', 12, 960, 18, '2026-06-16T05:31:12.402Z') ON CONFLICT (visit_id, product_id) DO UPDATE SET sales_qty = EXCLUDED.sales_qty, sales_amount = EXCLUDED.sales_amount, stock_qty = EXCLUDED.stock_qty;
INSERT INTO public.visit_sales (id, visit_id, product_id, sales_qty, sales_amount, stock_qty, created_at) VALUES ('vs-real-043', 'v-real-019', 'p-006', 42, 630, 45, '2026-06-16T05:31:12.402Z') ON CONFLICT (visit_id, product_id) DO UPDATE SET sales_qty = EXCLUDED.sales_qty, sales_amount = EXCLUDED.sales_amount, stock_qty = EXCLUDED.stock_qty;
INSERT INTO public.visit_sales (id, visit_id, product_id, sales_qty, sales_amount, stock_qty, created_at) VALUES ('vs-real-044', 'v-real-020', 'p-004', 7, 840, 10, '2026-06-16T05:31:12.402Z') ON CONFLICT (visit_id, product_id) DO UPDATE SET sales_qty = EXCLUDED.sales_qty, sales_amount = EXCLUDED.sales_amount, stock_qty = EXCLUDED.stock_qty;
INSERT INTO public.visit_sales (id, visit_id, product_id, sales_qty, sales_amount, stock_qty, created_at) VALUES ('vs-real-045', 'v-real-020', 'p-007', 28, 504, 30, '2026-06-16T05:31:12.402Z') ON CONFLICT (visit_id, product_id) DO UPDATE SET sales_qty = EXCLUDED.sales_qty, sales_amount = EXCLUDED.sales_amount, stock_qty = EXCLUDED.stock_qty;
INSERT INTO public.visit_sales (id, visit_id, product_id, sales_qty, sales_amount, stock_qty, created_at) VALUES ('vs-real-046', 'v-real-021', 'p-001', 11, 880, 15, '2026-06-16T05:31:12.402Z') ON CONFLICT (visit_id, product_id) DO UPDATE SET sales_qty = EXCLUDED.sales_qty, sales_amount = EXCLUDED.sales_amount, stock_qty = EXCLUDED.stock_qty;
INSERT INTO public.visit_sales (id, visit_id, product_id, sales_qty, sales_amount, stock_qty, created_at) VALUES ('vs-real-047', 'v-real-021', 'p-006', 44, 660, 48, '2026-06-16T05:31:12.402Z') ON CONFLICT (visit_id, product_id) DO UPDATE SET sales_qty = EXCLUDED.sales_qty, sales_amount = EXCLUDED.sales_amount, stock_qty = EXCLUDED.stock_qty;
INSERT INTO public.visit_sales (id, visit_id, product_id, sales_qty, sales_amount, stock_qty, created_at) VALUES ('vs-real-048', 'v-real-021', 'p-004', 5, 600, 7, '2026-06-16T05:31:12.402Z') ON CONFLICT (visit_id, product_id) DO UPDATE SET sales_qty = EXCLUDED.sales_qty, sales_amount = EXCLUDED.sales_amount, stock_qty = EXCLUDED.stock_qty;
INSERT INTO public.visit_sales (id, visit_id, product_id, sales_qty, sales_amount, stock_qty, created_at) VALUES ('vs-real-049', 'v-real-022', 'p-001', 10, 800, 16, '2026-06-15T05:31:12.402Z') ON CONFLICT (visit_id, product_id) DO UPDATE SET sales_qty = EXCLUDED.sales_qty, sales_amount = EXCLUDED.sales_amount, stock_qty = EXCLUDED.stock_qty;
INSERT INTO public.visit_sales (id, visit_id, product_id, sales_qty, sales_amount, stock_qty, created_at) VALUES ('vs-real-050', 'v-real-022', 'p-006', 40, 600, 42, '2026-06-15T05:31:12.402Z') ON CONFLICT (visit_id, product_id) DO UPDATE SET sales_qty = EXCLUDED.sales_qty, sales_amount = EXCLUDED.sales_amount, stock_qty = EXCLUDED.stock_qty;
INSERT INTO public.visit_sales (id, visit_id, product_id, sales_qty, sales_amount, stock_qty, created_at) VALUES ('vs-real-051', 'v-real-023', 'p-004', 3, 360, 5, '2026-06-15T05:31:12.402Z') ON CONFLICT (visit_id, product_id) DO UPDATE SET sales_qty = EXCLUDED.sales_qty, sales_amount = EXCLUDED.sales_amount, stock_qty = EXCLUDED.stock_qty;
INSERT INTO public.visit_sales (id, visit_id, product_id, sales_qty, sales_amount, stock_qty, created_at) VALUES ('vs-real-052', 'v-real-023', 'p-007', 22, 396, 25, '2026-06-15T05:31:12.402Z') ON CONFLICT (visit_id, product_id) DO UPDATE SET sales_qty = EXCLUDED.sales_qty, sales_amount = EXCLUDED.sales_amount, stock_qty = EXCLUDED.stock_qty;
INSERT INTO public.visit_sales (id, visit_id, product_id, sales_qty, sales_amount, stock_qty, created_at) VALUES ('vs-real-053', 'v-real-023', 'p-001', 8, 640, 12, '2026-06-15T05:31:12.402Z') ON CONFLICT (visit_id, product_id) DO UPDATE SET sales_qty = EXCLUDED.sales_qty, sales_amount = EXCLUDED.sales_amount, stock_qty = EXCLUDED.stock_qty;
INSERT INTO public.visit_sales (id, visit_id, product_id, sales_qty, sales_amount, stock_qty, created_at) VALUES ('vs-real-054', 'v-real-024', 'p-004', 12, 1440, 14, '2026-06-15T05:31:12.402Z') ON CONFLICT (visit_id, product_id) DO UPDATE SET sales_qty = EXCLUDED.sales_qty, sales_amount = EXCLUDED.sales_amount, stock_qty = EXCLUDED.stock_qty;
INSERT INTO public.visit_sales (id, visit_id, product_id, sales_qty, sales_amount, stock_qty, created_at) VALUES ('vs-real-055', 'v-real-024', 'p-007', 35, 630, 40, '2026-06-15T05:31:12.402Z') ON CONFLICT (visit_id, product_id) DO UPDATE SET sales_qty = EXCLUDED.sales_qty, sales_amount = EXCLUDED.sales_amount, stock_qty = EXCLUDED.stock_qty;
INSERT INTO public.visit_sales (id, visit_id, product_id, sales_qty, sales_amount, stock_qty, created_at) VALUES ('vs-real-056', 'v-real-024', 'p-001', 14, 1120, 18, '2026-06-15T05:31:12.402Z') ON CONFLICT (visit_id, product_id) DO UPDATE SET sales_qty = EXCLUDED.sales_qty, sales_amount = EXCLUDED.sales_amount, stock_qty = EXCLUDED.stock_qty;
INSERT INTO public.visit_sales (id, visit_id, product_id, sales_qty, sales_amount, stock_qty, created_at) VALUES ('vs-real-057', 'v-real-025', 'p-001', 9, 720, 13, '2026-06-14T05:31:12.402Z') ON CONFLICT (visit_id, product_id) DO UPDATE SET sales_qty = EXCLUDED.sales_qty, sales_amount = EXCLUDED.sales_amount, stock_qty = EXCLUDED.stock_qty;
INSERT INTO public.visit_sales (id, visit_id, product_id, sales_qty, sales_amount, stock_qty, created_at) VALUES ('vs-real-058', 'v-real-025', 'p-006', 38, 570, 40, '2026-06-14T05:31:12.402Z') ON CONFLICT (visit_id, product_id) DO UPDATE SET sales_qty = EXCLUDED.sales_qty, sales_amount = EXCLUDED.sales_amount, stock_qty = EXCLUDED.stock_qty;
INSERT INTO public.visit_sales (id, visit_id, product_id, sales_qty, sales_amount, stock_qty, created_at) VALUES ('vs-real-059', 'v-real-026', 'p-003', 12, 780, 18, '2026-06-14T05:31:12.402Z') ON CONFLICT (visit_id, product_id) DO UPDATE SET sales_qty = EXCLUDED.sales_qty, sales_amount = EXCLUDED.sales_amount, stock_qty = EXCLUDED.stock_qty;
INSERT INTO public.visit_sales (id, visit_id, product_id, sales_qty, sales_amount, stock_qty, created_at) VALUES ('vs-real-060', 'v-real-026', 'p-006', 36, 540, 38, '2026-06-14T05:31:12.402Z') ON CONFLICT (visit_id, product_id) DO UPDATE SET sales_qty = EXCLUDED.sales_qty, sales_amount = EXCLUDED.sales_amount, stock_qty = EXCLUDED.stock_qty;
INSERT INTO public.visit_sales (id, visit_id, product_id, sales_qty, sales_amount, stock_qty, created_at) VALUES ('vs-real-061', 'v-real-027', 'p-005', 6, 300, 10, '2026-06-14T05:31:12.402Z') ON CONFLICT (visit_id, product_id) DO UPDATE SET sales_qty = EXCLUDED.sales_qty, sales_amount = EXCLUDED.sales_amount, stock_qty = EXCLUDED.stock_qty;
INSERT INTO public.visit_sales (id, visit_id, product_id, sales_qty, sales_amount, stock_qty, created_at) VALUES ('vs-real-062', 'v-real-027', 'p-008', 22, 264, 28, '2026-06-14T05:31:12.402Z') ON CONFLICT (visit_id, product_id) DO UPDATE SET sales_qty = EXCLUDED.sales_qty, sales_amount = EXCLUDED.sales_amount, stock_qty = EXCLUDED.stock_qty;
INSERT INTO public.visit_sales (id, visit_id, product_id, sales_qty, sales_amount, stock_qty, created_at) VALUES ('vs-real-063', 'v-real-028', 'p-004', 15, 1800, 12, '2026-06-13T05:31:12.402Z') ON CONFLICT (visit_id, product_id) DO UPDATE SET sales_qty = EXCLUDED.sales_qty, sales_amount = EXCLUDED.sales_amount, stock_qty = EXCLUDED.stock_qty;
INSERT INTO public.visit_sales (id, visit_id, product_id, sales_qty, sales_amount, stock_qty, created_at) VALUES ('vs-real-064', 'v-real-028', 'p-007', 40, 720, 45, '2026-06-13T05:31:12.402Z') ON CONFLICT (visit_id, product_id) DO UPDATE SET sales_qty = EXCLUDED.sales_qty, sales_amount = EXCLUDED.sales_amount, stock_qty = EXCLUDED.stock_qty;
INSERT INTO public.visit_sales (id, visit_id, product_id, sales_qty, sales_amount, stock_qty, created_at) VALUES ('vs-real-065', 'v-real-028', 'p-001', 20, 1600, 22, '2026-06-13T05:31:12.402Z') ON CONFLICT (visit_id, product_id) DO UPDATE SET sales_qty = EXCLUDED.sales_qty, sales_amount = EXCLUDED.sales_amount, stock_qty = EXCLUDED.stock_qty;
INSERT INTO public.visit_sales (id, visit_id, product_id, sales_qty, sales_amount, stock_qty, created_at) VALUES ('vs-real-066', 'v-real-029', 'p-003', 11, 715, 15, '2026-06-13T05:31:12.402Z') ON CONFLICT (visit_id, product_id) DO UPDATE SET sales_qty = EXCLUDED.sales_qty, sales_amount = EXCLUDED.sales_amount, stock_qty = EXCLUDED.stock_qty;
INSERT INTO public.visit_sales (id, visit_id, product_id, sales_qty, sales_amount, stock_qty, created_at) VALUES ('vs-real-067', 'v-real-029', 'p-006', 42, 630, 48, '2026-06-13T05:31:12.402Z') ON CONFLICT (visit_id, product_id) DO UPDATE SET sales_qty = EXCLUDED.sales_qty, sales_amount = EXCLUDED.sales_amount, stock_qty = EXCLUDED.stock_qty;
INSERT INTO public.visit_sales (id, visit_id, product_id, sales_qty, sales_amount, stock_qty, created_at) VALUES ('vs-real-068', 'v-real-030', 'p-001', 12, 960, 16, '2026-06-13T05:31:12.402Z') ON CONFLICT (visit_id, product_id) DO UPDATE SET sales_qty = EXCLUDED.sales_qty, sales_amount = EXCLUDED.sales_amount, stock_qty = EXCLUDED.stock_qty;
INSERT INTO public.visit_sales (id, visit_id, product_id, sales_qty, sales_amount, stock_qty, created_at) VALUES ('vs-real-069', 'v-real-030', 'p-006', 45, 675, 50, '2026-06-13T05:31:12.402Z') ON CONFLICT (visit_id, product_id) DO UPDATE SET sales_qty = EXCLUDED.sales_qty, sales_amount = EXCLUDED.sales_amount, stock_qty = EXCLUDED.stock_qty;
INSERT INTO public.visit_sales (id, visit_id, product_id, sales_qty, sales_amount, stock_qty, created_at) VALUES ('vs-real-070', 'v-real-030', 'p-004', 6, 720, 8, '2026-06-13T05:31:12.402Z') ON CONFLICT (visit_id, product_id) DO UPDATE SET sales_qty = EXCLUDED.sales_qty, sales_amount = EXCLUDED.sales_amount, stock_qty = EXCLUDED.stock_qty;

-- ===== Store Evaluations (15) =====
INSERT INTO public.store_evaluations (id, store_id, eval_date, score_sales, score_display, score_location, score_cooperation, score_expansion, score_appearance, total_score, recommended_level, evaluator_id, notes, created_at, updated_at) VALUES ('se-real-001', 's-real-012', '2026-06-21', 9, 9, 9, 8, 8, 9, 52, 'A', 'e9599b0f-16ce-4f66-b496-617e6863ecec', 'A-level flagship. Strong UWELL shelf presence, G4 PRO best seller, staff knowledgeable about pod systems. Premium location in Azizia.', '2026-06-21T05:31:12.402Z', '2026-06-21T05:31:12.402Z') ON CONFLICT (id) DO NOTHING;
INSERT INTO public.store_evaluations (id, store_id, eval_date, score_sales, score_display, score_location, score_cooperation, score_expansion, score_appearance, total_score, recommended_level, evaluator_id, notes, created_at, updated_at) VALUES ('se-real-002', 's-real-013', '2026-06-20', 8, 9, 8, 9, 7, 8, 49, 'A', 'e9599b0f-16ce-4f66-b496-617e6863ecec', 'A-level store. Abraj Alkhalij - great display, cooperative owner. G5 moving 10+ units/month.', '2026-06-20T05:31:12.402Z', '2026-06-20T05:31:12.402Z') ON CONFLICT (id) DO NOTHING;
INSERT INTO public.store_evaluations (id, store_id, eval_date, score_sales, score_display, score_location, score_cooperation, score_expansion, score_appearance, total_score, recommended_level, evaluator_id, notes, created_at, updated_at) VALUES ('se-real-003', 's-real-014', '2026-06-19', 9, 8, 9, 8, 8, 9, 51, 'A', 'e9599b0f-16ce-4f66-b496-617e6863ecec', 'A-level. Eunwan Almizaj - high foot traffic, strong UWELL presence. Staff well trained on G4 PRO.', '2026-06-19T05:31:12.402Z', '2026-06-19T05:31:12.402Z') ON CONFLICT (id) DO NOTHING;
INSERT INTO public.store_evaluations (id, store_id, eval_date, score_sales, score_display, score_location, score_cooperation, score_expansion, score_appearance, total_score, recommended_level, evaluator_id, notes, created_at, updated_at) VALUES ('se-real-004', 's-real-032', '2026-06-18', 10, 9, 10, 9, 9, 9, 56, 'A', 'e9599b0f-16ce-4f66-b496-617e6863ecec', 'A-level flagship. Just Smoke Vape - top performer. G5 demo events drive sales. Premium vape destination.', '2026-06-18T05:31:12.402Z', '2026-06-18T05:31:12.402Z') ON CONFLICT (id) DO NOTHING;
INSERT INTO public.store_evaluations (id, store_id, eval_date, score_sales, score_display, score_location, score_cooperation, score_expansion, score_appearance, total_score, recommended_level, evaluator_id, notes, created_at, updated_at) VALUES ('se-real-005', 's-real-035', '2026-06-17', 9, 9, 9, 8, 8, 8, 51, 'A', 'e9599b0f-16ce-4f66-b496-617e6863ecec', 'A-level. Fata Najd 4 - strong sales, excellent display. KOKO and G4 PRO both moving well.', '2026-06-17T05:31:12.402Z', '2026-06-17T05:31:12.402Z') ON CONFLICT (id) DO NOTHING;
INSERT INTO public.store_evaluations (id, store_id, eval_date, score_sales, score_display, score_location, score_cooperation, score_expansion, score_appearance, total_score, recommended_level, evaluator_id, notes, created_at, updated_at) VALUES ('se-real-006', 's-real-036', '2026-06-16', 8, 8, 9, 9, 7, 8, 49, 'A', 'e9599b0f-16ce-4f66-b496-617e6863ecec', 'A-level. Husam - very cooperative owner, UWELL-first policy. Pod attach rate 65%.', '2026-06-16T05:31:12.402Z', '2026-06-16T05:31:12.402Z') ON CONFLICT (id) DO NOTHING;
INSERT INTO public.store_evaluations (id, store_id, eval_date, score_sales, score_display, score_location, score_cooperation, score_expansion, score_appearance, total_score, recommended_level, evaluator_id, notes, created_at, updated_at) VALUES ('se-real-007', 's-real-039', '2026-06-15', 9, 9, 8, 8, 8, 9, 51, 'A', 'e9599b0f-16ce-4f66-b496-617e6863ecec', 'A-level. Al-kaif al-fakhir - premium store, lightbox installed, G5 best seller.', '2026-06-15T05:31:12.402Z', '2026-06-15T05:31:12.402Z') ON CONFLICT (id) DO NOTHING;
INSERT INTO public.store_evaluations (id, store_id, eval_date, score_sales, score_display, score_location, score_cooperation, score_expansion, score_appearance, total_score, recommended_level, evaluator_id, notes, created_at, updated_at) VALUES ('se-real-008', 's-real-001', '2026-06-14', 6, 7, 7, 7, 6, 7, 40, 'B', 'e9599b0f-16ce-4f66-b496-617e6863ecec', 'B-level. Rabie Alkayf - improving after display makeover. G4 PRO 8-12 units/month. Upgraded to A next quarter target.', '2026-06-14T05:31:12.402Z', '2026-06-14T05:31:12.402Z') ON CONFLICT (id) DO NOTHING;
INSERT INTO public.store_evaluations (id, store_id, eval_date, score_sales, score_display, score_location, score_cooperation, score_expansion, score_appearance, total_score, recommended_level, evaluator_id, notes, created_at, updated_at) VALUES ('se-real-009', 's-real-003', '2026-06-13', 7, 6, 7, 6, 6, 6, 38, 'B', 'e9599b0f-16ce-4f66-b496-617e6863ecec', 'B-level. Mizaj Almashhur - steady performer. Pods selling 30-50/month. Display needs refresh.', '2026-06-13T05:31:12.402Z', '2026-06-13T05:31:12.402Z') ON CONFLICT (id) DO NOTHING;
INSERT INTO public.store_evaluations (id, store_id, eval_date, score_sales, score_display, score_location, score_cooperation, score_expansion, score_appearance, total_score, recommended_level, evaluator_id, notes, created_at, updated_at) VALUES ('se-real-010', 's-real-007', '2026-06-12', 6, 7, 7, 7, 6, 7, 40, 'B', 'e9599b0f-16ce-4f66-b496-617e6863ecec', 'B-level. Amwaj Oasis - lightbox installed, new fan registered. Growing community presence.', '2026-06-12T05:31:12.402Z', '2026-06-12T05:31:12.402Z') ON CONFLICT (id) DO NOTHING;
INSERT INTO public.store_evaluations (id, store_id, eval_date, score_sales, score_display, score_location, score_cooperation, score_expansion, score_appearance, total_score, recommended_level, evaluator_id, notes, created_at, updated_at) VALUES ('se-real-011', 's-real-010', '2026-06-11', 6, 6, 6, 7, 5, 6, 36, 'B', 'e9599b0f-16ce-4f66-b496-617e6863ecec', 'B-level. Aemidat Alnakhil - G5 demo well received. Owner interested in upgrade program.', '2026-06-11T05:31:12.402Z', '2026-06-11T05:31:12.402Z') ON CONFLICT (id) DO NOTHING;
INSERT INTO public.store_evaluations (id, store_id, eval_date, score_sales, score_display, score_location, score_cooperation, score_expansion, score_appearance, total_score, recommended_level, evaluator_id, notes, created_at, updated_at) VALUES ('se-real-012', 's-real-025', '2026-06-10', 5, 6, 6, 6, 5, 6, 34, 'B', 'e9599b0f-16ce-4f66-b496-617e6863ecec', 'B-level. Mood House - decent sales, needs more POSM. KOKO gaining traction.', '2026-06-10T05:31:12.402Z', '2026-06-10T05:31:12.402Z') ON CONFLICT (id) DO NOTHING;
INSERT INTO public.store_evaluations (id, store_id, eval_date, score_sales, score_display, score_location, score_cooperation, score_expansion, score_appearance, total_score, recommended_level, evaluator_id, notes, created_at, updated_at) VALUES ('se-real-013', 's-real-027', '2026-06-09', 6, 5, 6, 6, 5, 5, 33, 'B', 'e9599b0f-16ce-4f66-b496-617e6863ecec', 'B-level. Mizaj Eali - average performer. Suggested lightbox to boost visibility.', '2026-06-09T05:31:12.402Z', '2026-06-09T05:31:12.402Z') ON CONFLICT (id) DO NOTHING;
INSERT INTO public.store_evaluations (id, store_id, eval_date, score_sales, score_display, score_location, score_cooperation, score_expansion, score_appearance, total_score, recommended_level, evaluator_id, notes, created_at, updated_at) VALUES ('se-real-014', 's-real-002', '2026-06-08', 4, 4, 5, 5, 3, 4, 25, 'C', 'e9599b0f-16ce-4f66-b496-617e6863ecec', 'C-level. Muteat - small store, G4 pods often out of stock. Needs inventory support.', '2026-06-08T05:31:12.402Z', '2026-06-08T05:31:12.402Z') ON CONFLICT (id) DO NOTHING;
INSERT INTO public.store_evaluations (id, store_id, eval_date, score_sales, score_display, score_location, score_cooperation, score_expansion, score_appearance, total_score, recommended_level, evaluator_id, notes, created_at, updated_at) VALUES ('se-real-015', 's-real-005', '2026-06-07', 3, 4, 4, 5, 3, 4, 23, 'C', 'e9599b0f-16ce-4f66-b496-617e6863ecec', 'C-level. Rihlat Zaman - competitor heavy. Vaporesso dominating shelf. Needs display reset.', '2026-06-07T05:31:12.402Z', '2026-06-07T05:31:12.402Z') ON CONFLICT (id) DO NOTHING;

-- ===== Campaigns (5) =====
INSERT INTO public.campaigns (id, name, type, start_date, end_date, status, description, target_stores, budget, actual_cost, created_at, updated_at) VALUES ('ca-real-001', 'G5 Launch Promotion', '新品上市', '2026-06-03', '2026-06-18', 'completed', 'G5 flagship device launch campaign targeting A-level stores. Demo events, staff training, and POSM rollout. Goal: establish G5 as premium pod system in market.', '["s-real-012", "s-real-013", "s-real-014", "s-real-032", "s-real-035", "s-real-036", "s-real-039"]'::jsonb, 25000, 21800, '2026-05-29T05:31:12.402Z', '2026-06-18T05:31:12.402Z') ON CONFLICT (id) DO NOTHING;
INSERT INTO public.campaigns (id, name, type, start_date, end_date, status, description, target_stores, budget, actual_cost, created_at, updated_at) VALUES ('ca-real-002', 'Ramadan Vape Giveaway', '节日营销', '2026-06-08', '2026-06-21', 'completed', 'Ramadan holiday promotion: buy 2 G4 devices get 1 pod free. QR scan earns double points. Covered A and B level stores across Riyadh.', '["s-real-012", "s-real-013", "s-real-014", "s-real-032", "s-real-035", "s-real-036", "s-real-039", "s-real-001", "s-real-003", "s-real-004", "s-real-006", "s-real-007", "s-real-008", "s-real-010", "s-real-011"]'::jsonb, 18000, 16500, '2026-06-03T05:31:12.402Z', '2026-06-21T05:31:12.402Z') ON CONFLICT (id) DO NOTHING;
INSERT INTO public.campaigns (id, name, type, start_date, end_date, status, description, target_stores, budget, actual_cost, created_at, updated_at) VALUES ('ca-real-003', 'Store Display Upgrade Program', '渠道建设', '2026-06-13', '2026-07-13', 'ongoing', 'Provide UWELL lightbox + acrylic stand to top 20 stores. Goal: increase shelf visibility and brand presence. Stores with lightbox sell 2.3x more.', '["s-real-012", "s-real-013", "s-real-014", "s-real-032", "s-real-035", "s-real-036", "s-real-039", "s-real-001", "s-real-003", "s-real-004", "s-real-006", "s-real-007", "s-real-008", "s-real-010", "s-real-011", "s-real-016", "s-real-020", "s-real-022", "s-real-024", "s-real-025"]'::jsonb, 30000, 14200, '2026-06-08T05:31:12.402Z', '2026-06-22T05:31:12.402Z') ON CONFLICT (id) DO NOTHING;
INSERT INTO public.campaigns (id, name, type, start_date, end_date, status, description, target_stores, budget, actual_cost, created_at, updated_at) VALUES ('ca-real-004', 'WhatsApp Community Build', '社群运营', '2026-05-24', '2026-08-22', 'ongoing', 'Add all store owners and key staff to UWELL WhatsApp groups. Daily G5 tips, coil care guides, and competitor intel sharing. Build loyal community.', '["s-real-012", "s-real-013", "s-real-014", "s-real-032", "s-real-035", "s-real-036", "s-real-039", "s-real-001", "s-real-003", "s-real-004", "s-real-006", "s-real-007", "s-real-008", "s-real-010", "s-real-011", "s-real-016", "s-real-020", "s-real-022", "s-real-024", "s-real-025", "s-real-026", "s-real-027", "s-real-029", "s-real-030", "s-real-002", "s-real-005", "s-real-009", "s-real-015", "s-real-017"]'::jsonb, 5000, 1200, '2026-05-19T05:31:12.402Z', '2026-06-23T05:31:12.402Z') ON CONFLICT (id) DO NOTHING;
INSERT INTO public.campaigns (id, name, type, start_date, end_date, status, description, target_stores, budget, actual_cost, created_at, updated_at) VALUES ('ca-real-005', 'Summer Pod Promotion', '促销活动', '2026-06-20', '2026-07-18', 'ongoing', 'Discount on G4 pods (12 SAR instead of 15) targeting B/C stores. Drive pod attach rate and recruit new UWELL users. Bundle KOKO device with pod multipack.', '["s-real-001", "s-real-003", "s-real-004", "s-real-006", "s-real-007", "s-real-008", "s-real-010", "s-real-011", "s-real-016", "s-real-020", "s-real-022", "s-real-024", "s-real-025", "s-real-026", "s-real-027", "s-real-029", "s-real-030", "s-real-002", "s-real-005", "s-real-009", "s-real-015", "s-real-017", "s-real-018", "s-real-019", "s-real-021", "s-real-023", "s-real-028"]'::jsonb, 12000, 3200, '2026-06-15T05:31:12.402Z', '2026-06-22T05:31:12.402Z') ON CONFLICT (id) DO NOTHING;

-- ===== Campaign Tasks (7) =====
INSERT INTO public.campaign_tasks (id, campaign_id, title, assignee_id, due_date, status, created_at, updated_at) VALUES ('ct-001', 'ca-001', '制作夏季促销海报', 'u-rep1', '2026-06-11', 'done', '2026-06-08T05:31:12.402Z', '2026-06-11T05:31:12.402Z') ON CONFLICT (id) DO NOTHING;
INSERT INTO public.campaign_tasks (id, campaign_id, title, assignee_id, due_date, status, created_at, updated_at) VALUES ('ct-002', 'ca-001', '门店展架布置', 'u-rep2', '2026-06-12', 'done', '2026-06-08T05:31:12.402Z', '2026-06-13T05:31:12.402Z') ON CONFLICT (id) DO NOTHING;
INSERT INTO public.campaign_tasks (id, campaign_id, title, assignee_id, due_date, status, created_at, updated_at) VALUES ('ct-003', 'ca-001', '试用装分发', 'u-rep3', '2026-06-13', 'done', '2026-06-08T05:31:12.402Z', '2026-06-14T05:31:12.402Z') ON CONFLICT (id) DO NOTHING;
INSERT INTO public.campaign_tasks (id, campaign_id, title, assignee_id, due_date, status, created_at, updated_at) VALUES ('ct-004', 'ca-002', '试吃台搭建', 'u-rep1', '2026-06-21T05:31:12.402Z', 'done', '2026-06-16T05:31:12.402Z', '2026-06-21T05:31:12.402Z') ON CONFLICT (id) DO NOTHING;
INSERT INTO public.campaign_tasks (id, campaign_id, title, assignee_id, due_date, status, created_at, updated_at) VALUES ('ct-005', 'ca-002', '每日动销数据收集', 'u-rep3', '2026-06-23', 'ongoing', '2026-06-16T05:31:12.402Z', '2026-06-22T05:31:12.402Z') ON CONFLICT (id) DO NOTHING;
INSERT INTO public.campaign_tasks (id, campaign_id, title, assignee_id, due_date, status, created_at, updated_at) VALUES ('ct-006', 'ca-003', '礼盒样品确认', 'u-manager', '2026-06-26', 'pending', '2026-06-22T05:31:12.402Z', '2026-06-22T05:31:12.402Z') ON CONFLICT (id) DO NOTHING;
INSERT INTO public.campaign_tasks (id, campaign_id, title, assignee_id, due_date, status, created_at, updated_at) VALUES ('ct-007', 'ca-003', '扫码积分码库生成', 'u-admin', '2026-06-25', 'pending', '2026-06-22T05:31:12.402Z', '2026-06-22T05:31:12.402Z') ON CONFLICT (id) DO NOTHING;

-- ===== Campaign Reports (1) =====
INSERT INTO public.campaign_reports (id, campaign_id, report_date, total_sales, total_visits, total_scans, total_participants, achievement_rate, cost_ratio, summary, improvements, photos, created_at, updated_at) VALUES ('cr-001', 'ca-001', '2026-06-20', 12500, 45, 320, 5, 105, 84, '夏季清凉饮品促销周圆满结束，5家门店参与，总销售额12500元，超额完成5%。橙汁和矿泉水动销最佳，展架陈列效果显著。建议后续类似活动继续采用试吃+买赠组合策略。', '1. 部分门店补货不够及时，下次需提前协调库存；2. 试用装消耗超预期，需增加备货；3. 可考虑增加线上扫码领券引流到店。', '["https://images.unsplash.com/photo-1626202378011-4b0bf3a99fcd?w=400"]'::jsonb, '2026-06-20T05:31:12.402Z', '2026-06-20T05:31:12.402Z') ON CONFLICT (id) DO NOTHING;

-- ===== Fans (8) =====
INSERT INTO public.fans (id, store_id, user_id, level, points, total_contribution, created_at, updated_at) VALUES ('f-001', 's-001', 'u-rep1', 'gold', 580, 580, '2026-04-14T05:31:12.402Z', '2026-06-22T05:31:12.402Z') ON CONFLICT (id) DO NOTHING;
INSERT INTO public.fans (id, store_id, user_id, level, points, total_contribution, created_at, updated_at) VALUES ('f-002', 's-002', 'e9599b0f-16ce-4f66-b496-617e6863ecec', 'platinum', 2300, 2300, '2026-04-19T05:31:12.402Z', '2026-06-21T05:31:12.402Z') ON CONFLICT (id) DO NOTHING;
INSERT INTO public.fans (id, store_id, user_id, level, points, total_contribution, created_at, updated_at) VALUES ('f-003', 's-003', 'e9599b0f-16ce-4f66-b496-617e6863ecec', 'silver', 150, 150, '2026-04-29T05:31:12.402Z', '2026-06-18T05:31:12.402Z') ON CONFLICT (id) DO NOTHING;
INSERT INTO public.fans (id, store_id, user_id, level, points, total_contribution, created_at, updated_at) VALUES ('f-004', 's-004', 'e9599b0f-16ce-4f66-b496-617e6863ecec', 'gold', 520, 520, '2026-05-09T05:31:12.402Z', '2026-06-20T05:31:12.402Z') ON CONFLICT (id) DO NOTHING;
INSERT INTO public.fans (id, store_id, user_id, level, points, total_contribution, created_at, updated_at) VALUES ('f-005', 's-005', 'e9599b0f-16ce-4f66-b496-617e6863ecec', 'bronze', 30, 30, '2026-05-19T05:31:12.402Z', '2026-06-13T05:31:12.402Z') ON CONFLICT (id) DO NOTHING;
INSERT INTO public.fans (id, store_id, user_id, level, points, total_contribution, created_at, updated_at) VALUES ('f-006', 's-006', 'e9599b0f-16ce-4f66-b496-617e6863ecec', 'silver', 120, 120, '2026-05-29T05:31:12.402Z', '2026-06-19T05:31:12.402Z') ON CONFLICT (id) DO NOTHING;
INSERT INTO public.fans (id, store_id, user_id, level, points, total_contribution, created_at, updated_at) VALUES ('f-007', 's-007', 'e9599b0f-16ce-4f66-b496-617e6863ecec', 'diamond', 5200, 5200, '2026-06-03T05:31:12.402Z', '2026-06-22T05:31:12.402Z') ON CONFLICT (id) DO NOTHING;
INSERT INTO public.fans (id, store_id, user_id, level, points, total_contribution, created_at, updated_at) VALUES ('f-008', 's-008', 'e9599b0f-16ce-4f66-b496-617e6863ecec', 'bronze', 15, 15, '2026-06-08T05:31:12.402Z', '2026-06-08T05:31:12.402Z') ON CONFLICT (id) DO NOTHING;

-- ===== Fan Points Log (24) =====
INSERT INTO public.fan_points_log (id, fan_id, points, type, source, description, created_at) VALUES ('fpl-001', 'f-001', 10, 'earn', '完成拜访', '完成门店拜访 s-001', '2026-06-22T05:31:12.402Z');
INSERT INTO public.fan_points_log (id, fan_id, points, type, source, description, created_at) VALUES ('fpl-002', 'f-001', 5, 'earn', '上传照片', '拜访上传货架照片', '2026-06-22T05:31:12.402Z');
INSERT INTO public.fan_points_log (id, fan_id, points, type, source, description, created_at) VALUES ('fpl-003', 'f-001', 5, 'earn', '提交动销数据', '提交动销数据3条', '2026-06-22T05:31:12.402Z');
INSERT INTO public.fan_points_log (id, fan_id, points, type, source, description, created_at) VALUES ('fpl-004', 'f-002', 10, 'earn', '完成拜访', '完成门店拜访 s-002', '2026-06-21T05:31:12.402Z');
INSERT INTO public.fan_points_log (id, fan_id, points, type, source, description, created_at) VALUES ('fpl-005', 'f-002', 50, 'earn', '扫码积分', '消费者扫码 p-002 x10', '2026-06-21T05:31:12.402Z');
INSERT INTO public.fan_points_log (id, fan_id, points, type, source, description, created_at) VALUES ('fpl-006', 'f-007', 100, 'earn', '扫码积分', '消费者扫码 p-001 x20', '2026-06-22T05:31:12.402Z');
INSERT INTO public.fan_points_log (id, fan_id, points, type, source, description, created_at) VALUES ('fpl-007', 'f-007', 30, 'redeem', '兑换奖励', '兑换精美水杯一个', '2026-06-20T05:31:12.402Z');
INSERT INTO public.fan_points_log (id, fan_id, points, type, source, description, created_at) VALUES ('fpl-008', 'f-004', 10, 'earn', '完成拜访', '完成门店拜访 s-004', '2026-06-20T05:31:12.402Z');
INSERT INTO public.fan_points_log (id, fan_id, points, type, source, description, created_at) VALUES ('fpl-real-001', 'f-001', 10, 'earn', '完成拜访', '完成门店拜访 s-real-001 (rabie alkayf)', '2026-06-22T05:31:12.402Z');
INSERT INTO public.fan_points_log (id, fan_id, points, type, source, description, created_at) VALUES ('fpl-real-002', 'f-001', 5, 'earn', '扫码积分', '消费者扫码 G4 PRO x10', '2026-06-22T05:31:12.402Z');
INSERT INTO public.fan_points_log (id, fan_id, points, type, source, description, created_at) VALUES ('fpl-real-003', 'f-001', 5, 'earn', '签到奖励', '每日签到 +5', '2026-06-22T05:31:12.402Z');
INSERT INTO public.fan_points_log (id, fan_id, points, type, source, description, created_at) VALUES ('fpl-real-004', 'f-002', 10, 'earn', '完成拜访', '完成门店拜访 s-real-002 (muteat)', '2026-06-21T05:31:12.402Z');
INSERT INTO public.fan_points_log (id, fan_id, points, type, source, description, created_at) VALUES ('fpl-real-005', 'f-002', 30, 'earn', '推荐新粉丝', '推荐 Amwaj Oasis 店主注册', '2026-06-21T05:31:12.402Z');
INSERT INTO public.fan_points_log (id, fan_id, points, type, source, description, created_at) VALUES ('fpl-real-006', 'f-007', 50, 'earn', '扫码积分', 'G5 demo event 扫码 x10', '2026-06-22T05:31:12.402Z');
INSERT INTO public.fan_points_log (id, fan_id, points, type, source, description, created_at) VALUES ('fpl-real-007', 'f-007', 10, 'earn', '完成拜访', '完成 Just Smoke Vape 拜访', '2026-06-21T05:31:12.402Z');
INSERT INTO public.fan_points_log (id, fan_id, points, type, source, description, created_at) VALUES ('fpl-real-008', 'f-007', 5, 'earn', '签到奖励', '连续签到7天 +5', '2026-06-20T05:31:12.402Z');
INSERT INTO public.fan_points_log (id, fan_id, points, type, source, description, created_at) VALUES ('fpl-real-009', 'f-004', 30, 'earn', '推荐新粉丝', '推荐 3 位新粉丝注册', '2026-06-20T05:31:12.402Z');
INSERT INTO public.fan_points_log (id, fan_id, points, type, source, description, created_at) VALUES ('fpl-real-010', 'f-004', 5, 'earn', '扫码积分', 'KOKO 扫码 x5', '2026-06-19T05:31:12.402Z');
INSERT INTO public.fan_points_log (id, fan_id, points, type, source, description, created_at) VALUES ('fpl-real-011', 'f-001', 30, 'earn', '推荐新粉丝', '推荐 rabie alkayf 升级为 A 级门店', '2026-06-18T05:31:12.402Z');
INSERT INTO public.fan_points_log (id, fan_id, points, type, source, description, created_at) VALUES ('fpl-real-012', 'f-003', 10, 'earn', '完成拜访', '完成门店拜访 s-real-003', '2026-06-19T05:31:12.402Z');
INSERT INTO public.fan_points_log (id, fan_id, points, type, source, description, created_at) VALUES ('fpl-real-013', 'f-003', 5, 'earn', '签到奖励', '每日签到 +5', '2026-06-18T05:31:12.402Z');
INSERT INTO public.fan_points_log (id, fan_id, points, type, source, description, created_at) VALUES ('fpl-real-014', 'f-006', 5, 'earn', '扫码积分', 'G4 Pod 扫码 x3', '2026-06-17T05:31:12.402Z');
INSERT INTO public.fan_points_log (id, fan_id, points, type, source, description, created_at) VALUES ('fpl-real-015', 'f-007', 30, 'redeem', '兑换奖励', '兑换 UWELLCare 礼品包', '2026-06-16T05:31:12.402Z');
INSERT INTO public.fan_points_log (id, fan_id, points, type, source, description, created_at) VALUES ('fpl-real-016', 'f-002', 5, 'earn', '签到奖励', '每日签到 +5', '2026-06-16T05:31:12.402Z');

-- ===== Fan Points Rules (6) =====
INSERT INTO public.fan_points_rules (id, action_type, points, description, is_active, created_at) VALUES ('r-001', '完成拜访', 10, '每完成一次门店拜访', true, '2026-03-25T05:31:12.402Z') ON CONFLICT DO NOTHING;
INSERT INTO public.fan_points_rules (id, action_type, points, description, is_active, created_at) VALUES ('r-002', '上传照片', 5, '每次拜访上传产品照片', true, '2026-03-25T05:31:12.402Z') ON CONFLICT DO NOTHING;
INSERT INTO public.fan_points_rules (id, action_type, points, description, is_active, created_at) VALUES ('r-003', '提交动销数据', 5, '每次提交完整的动销数据', true, '2026-03-25T05:31:12.402Z') ON CONFLICT DO NOTHING;
INSERT INTO public.fan_points_rules (id, action_type, points, description, is_active, created_at) VALUES ('r-004', '新增门店', 20, '成功录入一个新门店', true, '2026-03-25T05:31:12.402Z') ON CONFLICT DO NOTHING;
INSERT INTO public.fan_points_rules (id, action_type, points, description, is_active, created_at) VALUES ('r-005', '扫码积分', 5, '消费者每扫一个产品码', true, '2026-03-25T05:31:12.402Z') ON CONFLICT DO NOTHING;
INSERT INTO public.fan_points_rules (id, action_type, points, description, is_active, created_at) VALUES ('r-006', '推荐新粉丝', 30, '每推荐一位新粉丝注册', true, '2026-03-25T05:31:12.402Z') ON CONFLICT DO NOTHING;

-- ===== Fan Level Rules (5) =====
INSERT INTO public.fan_level_rules (id, level, min_points, benefits, updated_at) VALUES ('lr-001', 'bronze', 0, '基础权益', '2026-03-25T05:31:12.402Z') ON CONFLICT (level) DO UPDATE SET min_points = EXCLUDED.min_points, benefits = EXCLUDED.benefits;
INSERT INTO public.fan_level_rules (id, level, min_points, benefits, updated_at) VALUES ('lr-002', 'silver', 100, '享受95折优惠', '2026-03-25T05:31:12.402Z') ON CONFLICT (level) DO UPDATE SET min_points = EXCLUDED.min_points, benefits = EXCLUDED.benefits;
INSERT INTO public.fan_level_rules (id, level, min_points, benefits, updated_at) VALUES ('lr-003', 'gold', 500, '享受9折优惠 + 优先配送', '2026-03-25T05:31:12.402Z') ON CONFLICT (level) DO UPDATE SET min_points = EXCLUDED.min_points, benefits = EXCLUDED.benefits;
INSERT INTO public.fan_level_rules (id, level, min_points, benefits, updated_at) VALUES ('lr-004', 'platinum', 2000, '享受85折优惠 + 优先配送 + 新品试用', '2026-03-25T05:31:12.402Z') ON CONFLICT (level) DO UPDATE SET min_points = EXCLUDED.min_points, benefits = EXCLUDED.benefits;
INSERT INTO public.fan_level_rules (id, level, min_points, benefits, updated_at) VALUES ('lr-005', 'diamond', 5000, '享受8折优惠 + 优先配送 + 新品试用 + 专属客服', '2026-03-25T05:31:12.402Z') ON CONFLICT (level) DO UPDATE SET min_points = EXCLUDED.min_points, benefits = EXCLUDED.benefits;

-- ===== QR Codes (17) =====
INSERT INTO public.qr_codes (id, product_id, code, store_id, points, scan_count, is_active, created_at, updated_at) VALUES ('qr-001', 'p-001', 'QR-COLA-001', 's-001', 5, 28, true, '2026-05-24T05:31:12.402Z', '2026-06-22T05:31:12.402Z') ON CONFLICT (id) DO NOTHING;
INSERT INTO public.qr_codes (id, product_id, code, store_id, points, scan_count, is_active, created_at, updated_at) VALUES ('qr-002', 'p-002', 'QR-ORANGE-001', 's-002', 5, 52, true, '2026-05-24T05:31:12.402Z', '2026-06-22T05:31:12.402Z') ON CONFLICT (id) DO NOTHING;
INSERT INTO public.qr_codes (id, product_id, code, store_id, points, scan_count, is_active, created_at, updated_at) VALUES ('qr-003', 'p-003', 'QR-CHIPS-001', 's-007', 5, 45, true, '2026-06-03T05:31:12.402Z', '2026-06-22T05:31:12.402Z') ON CONFLICT (id) DO NOTHING;
INSERT INTO public.qr_codes (id, product_id, code, store_id, points, scan_count, is_active, created_at, updated_at) VALUES ('qr-004', 'p-005', 'QR-WATER-001', 's-001', 5, 33, true, '2026-05-24T05:31:12.402Z', '2026-06-21T05:31:12.402Z') ON CONFLICT (id) DO NOTHING;
INSERT INTO public.qr_codes (id, product_id, code, store_id, points, scan_count, is_active, created_at, updated_at) VALUES ('qr-005', 'p-004', 'QR-CHOC-001', 's-004', 5, 12, true, '2026-06-08T05:31:12.402Z', '2026-06-20T05:31:12.402Z') ON CONFLICT (id) DO NOTHING;
INSERT INTO public.qr_codes (id, product_id, code, store_id, points, scan_count, is_active, created_at, updated_at) VALUES ('qr-real-001', 'p-001', 'QR-G4PRO-001', 's-real-012', 5, 86, true, '2026-05-09T05:31:12.402Z', '2026-06-22T05:31:12.402Z') ON CONFLICT (id) DO NOTHING;
INSERT INTO public.qr_codes (id, product_id, code, store_id, points, scan_count, is_active, created_at, updated_at) VALUES ('qr-real-002', 'p-004', 'QR-G5-001', 's-real-032', 5, 64, true, '2026-05-14T05:31:12.402Z', '2026-06-22T05:31:12.402Z') ON CONFLICT (id) DO NOTHING;
INSERT INTO public.qr_codes (id, product_id, code, store_id, points, scan_count, is_active, created_at, updated_at) VALUES ('qr-real-003', 'p-003', 'QR-G4-001', 's-real-001', 5, 52, true, '2026-05-16T05:31:12.402Z', '2026-06-21T05:31:12.402Z') ON CONFLICT (id) DO NOTHING;
INSERT INTO public.qr_codes (id, product_id, code, store_id, points, scan_count, is_active, created_at, updated_at) VALUES ('qr-real-004', 'p-005', 'QR-KOKO-001', 's-real-007', 5, 41, true, '2026-05-19T05:31:12.402Z', '2026-06-21T05:31:12.402Z') ON CONFLICT (id) DO NOTHING;
INSERT INTO public.qr_codes (id, product_id, code, store_id, points, scan_count, is_active, created_at, updated_at) VALUES ('qr-real-005', 'p-006', 'QR-PODG4-001', 's-real-014', 5, 73, true, '2026-05-24T05:31:12.402Z', '2026-06-22T05:31:12.402Z') ON CONFLICT (id) DO NOTHING;
INSERT INTO public.qr_codes (id, product_id, code, store_id, points, scan_count, is_active, created_at, updated_at) VALUES ('qr-real-006', 'p-007', 'QR-PODG5-001', 's-real-035', 5, 38, true, '2026-05-26T05:31:12.402Z', '2026-06-20T05:31:12.402Z') ON CONFLICT (id) DO NOTHING;
INSERT INTO public.qr_codes (id, product_id, code, store_id, points, scan_count, is_active, created_at, updated_at) VALUES ('qr-real-007', 'p-008', 'QR-PODKOKO-001', 's-real-025', 5, 29, true, '2026-05-29T05:31:12.402Z', '2026-06-21T05:31:12.402Z') ON CONFLICT (id) DO NOTHING;
INSERT INTO public.qr_codes (id, product_id, code, store_id, points, scan_count, is_active, created_at, updated_at) VALUES ('qr-real-008', 'p-001', 'QR-G4PRO-002', 's-real-039', 5, 47, true, '2026-06-01T05:31:12.402Z', '2026-06-22T05:31:12.402Z') ON CONFLICT (id) DO NOTHING;
INSERT INTO public.qr_codes (id, product_id, code, store_id, points, scan_count, is_active, created_at, updated_at) VALUES ('qr-real-009', 'p-004', 'QR-G5-002', 's-real-013', 5, 33, true, '2026-06-03T05:31:12.402Z', '2026-06-21T05:31:12.402Z') ON CONFLICT (id) DO NOTHING;
INSERT INTO public.qr_codes (id, product_id, code, store_id, points, scan_count, is_active, created_at, updated_at) VALUES ('qr-real-010', 'p-003', 'QR-G4-002', 's-real-027', 5, 21, true, '2026-06-05T05:31:12.402Z', '2026-06-20T05:31:12.402Z') ON CONFLICT (id) DO NOTHING;
INSERT INTO public.qr_codes (id, product_id, code, store_id, points, scan_count, is_active, created_at, updated_at) VALUES ('qr-real-011', 'p-005', 'QR-KOKO-002', 's-real-009', 5, 18, true, '2026-06-08T05:31:12.402Z', '2026-06-19T05:31:12.402Z') ON CONFLICT (id) DO NOTHING;
INSERT INTO public.qr_codes (id, product_id, code, store_id, points, scan_count, is_active, created_at, updated_at) VALUES ('qr-real-012', 'p-006', 'QR-PODG4-002', 's-real-036', 5, 55, true, '2026-06-11T05:31:12.402Z', '2026-06-22T05:31:12.402Z') ON CONFLICT (id) DO NOTHING;

-- ===== Scan Records (7) =====
INSERT INTO public.scan_records (id, qr_code_id, fan_id, product_id, store_id, points_earned, created_at) VALUES ('sr-001', 'qr-001', 'f-001', 'p-001', 's-001', 5, '2026-06-22T05:31:12.402Z');
INSERT INTO public.scan_records (id, qr_code_id, fan_id, product_id, store_id, points_earned, created_at) VALUES ('sr-002', 'qr-002', 'f-002', 'p-002', 's-002', 5, '2026-06-22T05:31:12.402Z');
INSERT INTO public.scan_records (id, qr_code_id, fan_id, product_id, store_id, points_earned, created_at) VALUES ('sr-003', 'qr-003', 'f-007', 'p-003', 's-007', 5, '2026-06-22T05:31:12.402Z');
INSERT INTO public.scan_records (id, qr_code_id, fan_id, product_id, store_id, points_earned, created_at) VALUES ('sr-004', 'qr-001', 'f-001', 'p-001', 's-001', 5, '2026-06-21T05:31:12.402Z');
INSERT INTO public.scan_records (id, qr_code_id, fan_id, product_id, store_id, points_earned, created_at) VALUES ('sr-005', 'qr-002', 'f-002', 'p-002', 's-002', 5, '2026-06-21T05:31:12.402Z');
INSERT INTO public.scan_records (id, qr_code_id, fan_id, product_id, store_id, points_earned, created_at) VALUES ('sr-006', 'qr-004', 'f-001', 'p-005', 's-001', 5, '2026-06-21T05:31:12.402Z');
INSERT INTO public.scan_records (id, qr_code_id, fan_id, product_id, store_id, points_earned, created_at) VALUES ('sr-007', 'qr-003', 'f-007', 'p-003', 's-007', 5, '2026-06-20T05:31:12.402Z');

-- ===== Community Posts (12) =====
CREATE TABLE IF NOT EXISTS public.community_posts (
  id TEXT PRIMARY KEY,
  author_name TEXT DEFAULT 'Anonymous',
  content TEXT NOT NULL,
  category TEXT DEFAULT 'Discussion',
  likes INTEGER DEFAULT 0,
  created_at TIMESTAMPTZ NOT NULL DEFAULT now()
);
ALTER TABLE public.community_posts ENABLE ROW LEVEL SECURITY;
CREATE POLICY "community_posts_select" ON public.community_posts FOR SELECT USING (true);
CREATE POLICY "community_posts_all" ON public.community_posts FOR ALL USING (true);

INSERT INTO public.community_posts (id, author_name, content, category, likes, created_at) VALUES ('cp-real-001', 'Robin C.', 'Just completed G5 training for 5 store owners in Riyadh! Great engagement 🚀', 'Event', 24, '2026-06-22T05:31:12.402Z') ON CONFLICT (id) DO NOTHING;
INSERT INTO public.community_posts (id, author_name, content, category, likes, created_at) VALUES ('cp-real-002', 'Ahmed K.', 'Competitor watch: OXVA Xlim Pro launching new colors next week. We need to push G4 PRO''s coil advantage.', 'Discussion', 18, '2026-06-21T05:31:12.402Z') ON CONFLICT (id) DO NOTHING;
INSERT INTO public.community_posts (id, author_name, content, category, likes, created_at) VALUES ('cp-real-003', 'Salem M.', 'Store upgrade: rabie alkayf went from B to A after display makeover! Sales up 40% 🎉', 'Event', 31, '2026-06-20T05:31:12.402Z') ON CONFLICT (id) DO NOTHING;
INSERT INTO public.community_posts (id, author_name, content, category, likes, created_at) VALUES ('cp-real-004', 'Khalid R.', 'Ramadan campaign results: 320 devices sold, 85 stores participated, 15 new fans registered. Great team effort! 💪', 'Share', 42, '2026-06-19T05:31:12.402Z') ON CONFLICT (id) DO NOTHING;
INSERT INTO public.community_posts (id, author_name, content, category, likes, created_at) VALUES ('cp-real-005', 'Fatima A.', 'Pod shortage alert: G4 pods running low at 12 stores. Need urgent restock from distributor.', 'Discussion', 12, '2026-06-18T05:31:12.402Z') ON CONFLICT (id) DO NOTHING;
INSERT INTO public.community_posts (id, author_name, content, category, likes, created_at) VALUES ('cp-real-006', 'Robin C.', 'Best practice: Stores with UWELL lightbox sell 2.3x more than stores without. Push POSM installation! 💡', 'Share', 28, '2026-06-17T05:31:12.402Z') ON CONFLICT (id) DO NOTHING;
INSERT INTO public.community_posts (id, author_name, content, category, likes, created_at) VALUES ('cp-real-007', 'Ahmed K.', 'Question: What''s the best way to handle stores that only stock competitor products?', 'Question', 9, '2026-06-16T05:31:12.402Z') ON CONFLICT (id) DO NOTHING;
INSERT INTO public.community_posts (id, author_name, content, category, likes, created_at) VALUES ('cp-real-008', 'Salem M.', 'G5 demo event at Just Smoke Vape was a hit! 20+ customers tried the device, 8 purchased on spot. 🔥', 'Event', 35, '2026-06-15T05:31:12.402Z') ON CONFLICT (id) DO NOTHING;
INSERT INTO public.community_posts (id, author_name, content, category, likes, created_at) VALUES ('cp-real-009', 'Khalid R.', 'Welcome our newest fan from Amwaj Oasis! First scan earned 5 points 🎉', 'Event', 15, '2026-06-13T05:31:12.402Z') ON CONFLICT (id) DO NOTHING;
INSERT INTO public.community_posts (id, author_name, content, category, likes, created_at) VALUES ('cp-real-010', 'Fatima A.', 'Monthly KPI review: 80 stores covered, 41 active, 7 VIP (A-level). Need to push 10 more to A-level by Q3.', 'Discussion', 22, '2026-06-11T05:31:12.402Z') ON CONFLICT (id) DO NOTHING;
INSERT INTO public.community_posts (id, author_name, content, category, likes, created_at) VALUES ('cp-real-011', 'Robin C.', 'Tip: When demonstrating G5, always highlight the Pro-FOCS flavor tech. Customers feel the difference instantly.', 'Share', 19, '2026-06-09T05:31:12.402Z') ON CONFLICT (id) DO NOTHING;
INSERT INTO public.community_posts (id, author_name, content, category, likes, created_at) VALUES ('cp-real-012', 'Ahmed K.', 'WhatsApp community now has 60+ store owners! Daily engagement is paying off - restock requests coming in proactively.', 'Discussion', 26, '2026-06-07T05:31:12.402Z') ON CONFLICT (id) DO NOTHING;

-- ===== Community Comments (20) =====
CREATE TABLE IF NOT EXISTS public.community_comments (
  id TEXT PRIMARY KEY,
  post_id TEXT NOT NULL REFERENCES public.community_posts(id) ON DELETE CASCADE,
  author_name TEXT DEFAULT 'Anonymous',
  content TEXT NOT NULL,
  created_at TIMESTAMPTZ NOT NULL DEFAULT now()
);
ALTER TABLE public.community_comments ENABLE ROW LEVEL SECURITY;
CREATE POLICY "community_comments_select" ON public.community_comments FOR SELECT USING (true);
CREATE POLICY "community_comments_all" ON public.community_comments FOR ALL USING (true);

INSERT INTO public.community_comments (id, post_id, author_name, content, created_at) VALUES ('cc-real-001', 'cp-real-001', 'Ahmed K.', 'Amazing! Which stores? I want to follow up with demo units.', '2026-06-22T05:31:12.402Z') ON CONFLICT (id) DO NOTHING;
INSERT INTO public.community_comments (id, post_id, author_name, content, created_at) VALUES ('cc-real-002', 'cp-real-001', 'Khalid R.', 'Great work team 💪 G5 will be a game changer.', '2026-06-22T05:31:12.402Z') ON CONFLICT (id) DO NOTHING;
INSERT INTO public.community_comments (id, post_id, author_name, content, created_at) VALUES ('cc-real-003', 'cp-real-002', 'Salem M.', 'Agreed. G4 PRO coil lasts 30% longer. That''s our key talking point.', '2026-06-21T05:31:12.402Z') ON CONFLICT (id) DO NOTHING;
INSERT INTO public.community_comments (id, post_id, author_name, content, created_at) VALUES ('cc-real-004', 'cp-real-002', 'Fatima A.', 'I will update the competitor matrix and share with all reps.', '2026-06-21T05:31:12.402Z') ON CONFLICT (id) DO NOTHING;
INSERT INTO public.community_comments (id, post_id, author_name, content, created_at) VALUES ('cc-real-005', 'cp-real-003', 'Robin C.', 'This is the model! Lightbox + training = results.', '2026-06-20T05:31:12.402Z') ON CONFLICT (id) DO NOTHING;
INSERT INTO public.community_comments (id, post_id, author_name, content, created_at) VALUES ('cc-real-006', 'cp-real-003', 'Khalid R.', 'Can we replicate this at 5 more B-level stores?', '2026-06-20T05:31:12.402Z') ON CONFLICT (id) DO NOTHING;
INSERT INTO public.community_comments (id, post_id, author_name, content, created_at) VALUES ('cc-real-007', 'cp-real-004', 'Ahmed K.', 'Exceeded target by 15%. Ramadan timing was perfect.', '2026-06-19T05:31:12.402Z') ON CONFLICT (id) DO NOTHING;
INSERT INTO public.community_comments (id, post_id, author_name, content, created_at) VALUES ('cc-real-008', 'cp-real-004', 'Salem M.', '15 new fans in one campaign - community is growing!', '2026-06-19T05:31:12.402Z') ON CONFLICT (id) DO NOTHING;
INSERT INTO public.community_comments (id, post_id, author_name, content, created_at) VALUES ('cc-real-009', 'cp-real-005', 'Robin C.', 'On it. Coordinating with distributor today, delivery Thursday.', '2026-06-18T05:31:12.402Z') ON CONFLICT (id) DO NOTHING;
INSERT INTO public.community_comments (id, post_id, author_name, content, created_at) VALUES ('cc-real-010', 'cp-real-006', 'Fatima A.', 'Data speaks! Adding lightbox to Q3 budget request.', '2026-06-17T05:31:12.402Z') ON CONFLICT (id) DO NOTHING;
INSERT INTO public.community_comments (id, post_id, author_name, content, created_at) VALUES ('cc-real-011', 'cp-real-006', 'Khalid R.', 'Just installed 3 more this week. Owners love the premium look.', '2026-06-17T05:31:12.402Z') ON CONFLICT (id) DO NOTHING;
INSERT INTO public.community_comments (id, post_id, author_name, content, created_at) VALUES ('cc-real-012', 'cp-real-007', 'Salem M.', 'Leave samples + catalog, then follow up weekly. Patience wins.', '2026-06-16T05:31:12.402Z') ON CONFLICT (id) DO NOTHING;
INSERT INTO public.community_comments (id, post_id, author_name, content, created_at) VALUES ('cc-real-013', 'cp-real-007', 'Robin C.', 'Offer consignment stock for first month - lowers their risk.', '2026-06-16T05:31:12.402Z') ON CONFLICT (id) DO NOTHING;
INSERT INTO public.community_comments (id, post_id, author_name, content, created_at) VALUES ('cc-real-014', 'cp-real-008', 'Ahmed K.', '8 on-spot purchases! Conversion rate is solid.', '2026-06-15T05:31:12.402Z') ON CONFLICT (id) DO NOTHING;
INSERT INTO public.community_comments (id, post_id, author_name, content, created_at) VALUES ('cc-real-015', 'cp-real-008', 'Fatima A.', 'Planning 3 more demo events at A-level stores next month.', '2026-06-15T05:31:12.402Z') ON CONFLICT (id) DO NOTHING;
INSERT INTO public.community_comments (id, post_id, author_name, content, created_at) VALUES ('cc-real-016', 'cp-real-009', 'Khalid R.', 'Welcome to the UWELL family! 🎉', '2026-06-13T05:31:12.402Z') ON CONFLICT (id) DO NOTHING;
INSERT INTO public.community_comments (id, post_id, author_name, content, created_at) VALUES ('cc-real-017', 'cp-real-010', 'Salem M.', '10 to A-level is ambitious but doable. Focus on display upgrades.', '2026-06-11T05:31:12.402Z') ON CONFLICT (id) DO NOTHING;
INSERT INTO public.community_comments (id, post_id, author_name, content, created_at) VALUES ('cc-real-018', 'cp-real-010', 'Robin C.', 'I have 3 B-level stores ready to upgrade. Will push hard this quarter.', '2026-06-11T05:31:12.402Z') ON CONFLICT (id) DO NOTHING;
INSERT INTO public.community_comments (id, post_id, author_name, content, created_at) VALUES ('cc-real-019', 'cp-real-011', 'Ahmed K.', 'Pro-FOCS is our secret weapon. Customers notice instantly.', '2026-06-09T05:31:12.402Z') ON CONFLICT (id) DO NOTHING;
INSERT INTO public.community_comments (id, post_id, author_name, content, created_at) VALUES ('cc-real-020', 'cp-real-012', 'Fatima A.', '60+ owners! The daily tips are really driving engagement.', '2026-06-07T05:31:12.402Z') ON CONFLICT (id) DO NOTHING;

-- ===== Material Inbound (4) =====
INSERT INTO public.material_inbound (id, material_id, qty, operator_id, notes, created_at) VALUES ('mi-001', 'm-001', 500, 'e9599b0f-16ce-4f66-b496-617e6863ecec', '首批海报印制', '2026-04-24T05:31:12.402Z') ON CONFLICT (id) DO NOTHING;
INSERT INTO public.material_inbound (id, material_id, qty, operator_id, notes, created_at) VALUES ('mi-002', 'm-002', 30, 'e9599b0f-16ce-4f66-b496-617e6863ecec', '展架采购入库', '2026-05-09T05:31:12.402Z') ON CONFLICT (id) DO NOTHING;
INSERT INTO public.material_inbound (id, material_id, qty, operator_id, notes, created_at) VALUES ('mi-003', 'm-003', 1000, 'e9599b0f-16ce-4f66-b496-617e6863ecec', '试用装大批量入库', '2026-05-24T05:31:12.402Z') ON CONFLICT (id) DO NOTHING;
INSERT INTO public.material_inbound (id, material_id, qty, operator_id, notes, created_at) VALUES ('mi-004', 'm-004', 50, 'e9599b0f-16ce-4f66-b496-617e6863ecec', '工服换季采购', '2026-06-03T05:31:12.402Z') ON CONFLICT (id) DO NOTHING;

-- ===== Material Outbound (5) =====
INSERT INTO public.material_outbound (id, material_id, qty, applicant_id, store_id, status, reason, created_at, updated_at) VALUES ('mo-001', 'm-001', 50, 'e9599b0f-16ce-4f66-b496-617e6863ecec', 's-001', 'delivered', '门店宣传海报更新', '2026-06-18T05:31:12.402Z', '2026-06-19T05:31:12.402Z') ON CONFLICT (id) DO NOTHING;
INSERT INTO public.material_outbound (id, material_id, qty, applicant_id, store_id, status, reason, created_at, updated_at) VALUES ('mo-002', 'm-002', 3, 'e9599b0f-16ce-4f66-b496-617e6863ecec', 's-002', 'delivered', '产品展架更换', '2026-06-15T05:31:12.402Z', '2026-06-16T05:31:12.402Z') ON CONFLICT (id) DO NOTHING;
INSERT INTO public.material_outbound (id, material_id, qty, applicant_id, store_id, status, reason, created_at, updated_at) VALUES ('mo-003', 'm-003', 100, 'e9599b0f-16ce-4f66-b496-617e6863ecec', 's-001', 'approved', '周末促销试用装', '2026-06-20T05:31:12.402Z', '2026-06-21T05:31:12.402Z') ON CONFLICT (id) DO NOTHING;
INSERT INTO public.material_outbound (id, material_id, qty, applicant_id, store_id, status, reason, created_at, updated_at) VALUES ('mo-004', 'm-004', 5, 'e9599b0f-16ce-4f66-b496-617e6863ecec', 's-005', 'pending', '新员工工服', '2026-06-22T05:31:12.402Z', '2026-06-22T05:31:12.402Z') ON CONFLICT (id) DO NOTHING;
INSERT INTO public.material_outbound (id, material_id, qty, applicant_id, store_id, status, reason, created_at, updated_at) VALUES ('mo-005', 'm-006', 10, 'e9599b0f-16ce-4f66-b496-617e6863ecec', 's-007', 'pending', '高端社区促销立牌', '2026-06-23T05:31:12.402Z', '2026-06-23T05:31:12.402Z') ON CONFLICT (id) DO NOTHING;

-- ===== Visit Photos (5) =====
INSERT INTO public.visit_photos (id, visit_id, photo_type, photo_url, created_at) VALUES ('vp-001', 'v-001', 'shelf', 'https://images.unsplash.com/photo-1578916171728-297f8394d7b9?w=400', '2026-06-22T05:31:12.402Z') ON CONFLICT (id) DO NOTHING;
INSERT INTO public.visit_photos (id, visit_id, photo_type, photo_url, created_at) VALUES ('vp-002', 'v-001', 'display', 'https://images.unsplash.com/photo-1604719312566-8912e9227c6a?w=400', '2026-06-22T05:31:12.402Z') ON CONFLICT (id) DO NOTHING;
INSERT INTO public.visit_photos (id, visit_id, photo_type, photo_url, created_at) VALUES ('vp-003', 'v-002', 'exterior', 'https://images.unsplash.com/photo-1568901346375-23c9450c58cd?w=400', '2026-06-22T05:31:12.402Z') ON CONFLICT (id) DO NOTHING;
INSERT INTO public.visit_photos (id, visit_id, photo_type, photo_url, created_at) VALUES ('vp-004', 'v-003', 'product', 'https://images.unsplash.com/photo-1626202378011-4b0bf3a99fcd?w=400', '2026-06-21T05:31:12.402Z') ON CONFLICT (id) DO NOTHING;
INSERT INTO public.visit_photos (id, visit_id, photo_type, photo_url, created_at) VALUES ('vp-005', 'v-006', 'shelf', 'https://images.unsplash.com/photo-1583258292688-d0213dc5a3a8?w=400', '2026-06-19T05:31:12.402Z') ON CONFLICT (id) DO NOTHING;

-- ===== DONE =====
